<?xml version="1.0" encoding="utf-8" ?>
<Defs>
<AlienRace.RaceSettings>
        <defName>PantoranRaceSettings</defName>
            <pawnKindSettings>
  <alienslavekinds>
        <li>
            <kindDefs>
                <li>PantoranSlave</li>
                <li>PantoranRefugee</li>
            </kindDefs>
            <chance>50.0</chance>
        </li>
    </alienslavekinds>

    <alienrefugeekinds>
        <li>
            <kindDefs>
                <li>PantoranSlave</li>
				<li>PantoranRefugee</li>
            </kindDefs>
            <chance>50.0</chance>
        </li>
    </alienrefugeekinds>
	
		    <startingColonists>
        <li>
            <pawnKindEntries>
                <li>
                    <kindDefs>
                        <li>PantoranColonist</li>
						<li>PantoranRefugee</li>
                    </kindDefs>
                    <chance>90.0</chance>
                </li>
            </pawnKindEntries>
            <factionDefs>
                <li>PlayerColony</li> 
            </factionDefs>
        </li>
    </startingColonists>
	
	    <alienwandererkinds>
        <li>
            <pawnKindEntries>
                <li>
                    <kindDefs>
                        <li>PantoranColonist</li>
						<li>PantoranRefugee</li>
                    </kindDefs>
                    <chance>60.0</chance>
                </li>
            </pawnKindEntries>
            <factionDefs>
                <li>PlayerColony</li> 
            </factionDefs>
        </li>
    </alienwandererkinds>
        </pawnKindSettings>
</AlienRace.RaceSettings>
</Defs>