﻿<?xml version="1.0" encoding="utf-8" ?>
<Defs>
  <RulePackDef>
    <defName>NamerPantoranUtility</defName>
    <rulePack>
      <rulesFiles>
        <li>PanFirstMale->NameBanks/Names_First_Pantoran_Male</li>
        <li>PanFirstFemale->NameBanks/Names_First_Pantoran_Female</li>
        <li>PanLast->NameBanks/Names_Last_Pantoran</li>
      </rulesFiles>
    </rulePack>
  </RulePackDef>
  
  <RulePackDef>
    <defName>NamerPantoranMale</defName>
    <include>
      <li>NamerPantoranUtility</li>
    </include>
    <rulePack>
      <rulesStrings>
        <li>r_name->[PanFirstMale] [PanLast]</li>
      </rulesStrings>
    </rulePack>
  </RulePackDef>

  <RulePackDef>
    <defName>NamerPantoranFemale</defName>
    <include>
      <li>NamerPantoranUtility</li>
    </include>
    <rulePack>
      <rulesStrings>
        <li>r_name->[PanFirstFemale] [PanLast]</li>
      </rulesStrings>
    </rulePack>
  </RulePackDef>

</Defs>