<?xml version="1.0" encoding="utf-8" ?>
<Defs>
 
      <RecipeDef>
    <defName>ReplicateFoodSup1</defName>
    <label>Emergency food supplement</label>
    <description>replicate an emergency food supplement.</description>
    <jobString>Humming a tune.</jobString>
    <workSpeedStat>CookSpeed</workSpeedStat>
    <effectWorking>Cook</effectWorking>
    <soundWorking>Replicatorsound</soundWorking>
    <allowMixingIngredients>true</allowMixingIngredients>
    <workAmount>100</workAmount>
    <targetCountAdjustment>1</targetCountAdjustment>
    <ingredients>
      <li>
        <filter>
          <thingDefs>
            <li>Silver</li>
          </thingDefs>
        </filter>
        <count>15</count>
      </li>
    </ingredients>
    <products>
      <Pemmican>50</Pemmican>
    </products>
    <fixedIngredientFilter>
      <thingDefs>
        <li>Silver</li>
      </thingDefs>
    </fixedIngredientFilter>
    <workSkill>Cooking</workSkill>
    <researchPrerequisite>Pemmican</researchPrerequisite>
  </RecipeDef>

	<RecipeDef Name="ReplicateStoneBlocks" Abstract="True">
		<jobString>Replicating stone blocks from chunk.</jobString>
		<workAmount>800</workAmount>
    <workSpeedStat>UnskilledLaborSpeed</workSpeedStat>
		<effectWorking>CutStone</effectWorking>
		<soundWorking>Replicatorsound</soundWorking>
		<targetCountAdjustment>20</targetCountAdjustment>
	</RecipeDef>

	<RecipeDef ParentName="ReplicateStoneBlocks">
		<defName>Replicate_StoneBlocksAny</defName>
		<label>replicate stone blocks</label>
		<description>Replicate rock chunks into usable stone blocks.</description>
		<workerCounterClass>RecipeWorkerCounter_MakeStoneBlocks</workerCounterClass>
		<ingredients>
			<li>
				<filter>
					<categories>
						<li>StoneChunks</li>
					</categories>
				</filter>
				<count>1</count>
			</li>
		</ingredients>
		<fixedIngredientFilter>
			<categories>
				<li>StoneChunks</li>
			</categories>
		</fixedIngredientFilter>
		<specialProducts>
			<li>Butchery</li>
		</specialProducts>
	</RecipeDef>

  

</Defs>