﻿<?xml version="1.0" encoding="utf-8" ?>
<Defs>

  <RecipeDef ParentName="SurgeryFlesh">
    <defName>InstallSymbiont</defName>
    <label>install symbiont</label>
    <description>Install a symbiont.</description>
    <workerClass>Recipe_InstallImplant</workerClass>
    <jobString>Installing symbiont.</jobString>
    <workAmount>2500</workAmount>
    <deathOnFailedSurgeryChance>0.10</deathOnFailedSurgeryChance>
    <skillRequirements>
      <Medicine>8</Medicine>
    </skillRequirements>
    <ingredients>
      <li>
        <filter>
          <categories>
            <li>Medicine</li>
          </categories>
        </filter>
        <count>3</count>
      </li>
      <li>
        <filter>
          <thingDefs>
            <li>TrillSymbiont</li>
          </thingDefs>
        </filter>
        <count>1</count>
      </li>
    </ingredients>
    <fixedIngredientFilter>
      <categories>
        <li>Medicine</li>
      </categories>
      <thingDefs>
        <li>TrillSymbiont</li>
      </thingDefs>
    </fixedIngredientFilter>
    <appliedOnFixedBodyParts>
      <li>Pouch</li>
    </appliedOnFixedBodyParts>
    <addsHediff>Trill_Joined_Hediff</addsHediff>
  </RecipeDef>
  
  <RecipeDef ParentName="SurgeryFlesh">
    <defName>RemoveSymbiont</defName>
    <label>remove symbiont</label>
    <description>Remove a symbiont.</description>
    <workerClass>Recipe_RemoveBodyPart</workerClass>
    <jobString>Removing symbiont.</jobString>
    <workAmount>1000</workAmount>
    <deathOnFailedSurgeryChance>0.20</deathOnFailedSurgeryChance>
    <skillRequirements>
      <Medicine>8</Medicine>
    </skillRequirements>
    <ingredients>
      <li>
        <filter>
          <categories>
            <li>Medicine</li>
          </categories>
        </filter>
        <count>3</count>
      </li>
    </ingredients>
    <fixedIngredientFilter>
      <categories>
        <li>Medicine</li>
      </categories>
      <thingDefs>
        <li>TrillSymbiont</li>
      </thingDefs>
    </fixedIngredientFilter>
	<addsHediff>Removed_Symbiont</addsHediff>
  </RecipeDef>
  
  
  <RecipeDef ParentName="SurgeryFlesh">
    <defName>InstallBionicAntenna</defName>
    <label>install bionic antenna</label>
    <description>Install bionic antenna.</description>
    <workerClass>Recipe_InstallImplant</workerClass>
    <jobString>Installing antenna.</jobString>
    <workAmount>2500</workAmount>
    <deathOnFailedSurgeryChance>0.10</deathOnFailedSurgeryChance>
    <skillRequirements>
      <Medicine>8</Medicine>
    </skillRequirements>
    <ingredients>
      <li>
        <filter>
          <categories>
            <li>Medicine</li>
          </categories>
        </filter>
        <count>3</count>
      </li>
      <li>
        <filter>
          <thingDefs>
            <li>BionicAntenna</li>
          </thingDefs>
        </filter>
        <count>1</count>
      </li>
    </ingredients>
    <fixedIngredientFilter>
      <categories>
        <li>Medicine</li>
      </categories>
      <thingDefs>
        <li>BionicAntenna</li>
      </thingDefs>
    </fixedIngredientFilter>
    <appliedOnFixedBodyParts>
      <li>Antenna</li>
    </appliedOnFixedBodyParts>
  </RecipeDef>
</Defs>