<?xml version="1.0" encoding="utf-8"?>
<ModMetaData>
	<name>Star Trek: Races</name>
	<packageId>Juvia.StarTrekRaces</packageId>
	<author>Juvia</author>
	<supportedVersions>
	<li>1.0</li>
	<li>1.1</li>
	</supportedVersions>
    <modDependencies>
      <li>
        <packageId>erdelf.HumanoidAlienRaces</packageId>
        <displayName>Humanoid Alien Races 2.0</displayName>
        <steamWorkshopUrl>https://steamcommunity.com/sharedfiles/filedetails/?id=839005762</steamWorkshopUrl>
      </li>
    </modDependencies>
	<loadAfter>
		<li>erdelf.HumanoidAlienRaces</li>
	</loadAfter>
<description>
A collection of Star Trek races, in Rimworld form. 

Currently adds: Aenar, Andorian, Bajoran, Betazoid, Ferengi, Klingon, Ocampa, Orion, Romulan, Trill and Vulcan races and factions into the game.

Also includes: replicators, phasers, bat'leths, Tribbles, Star Fleet Voyager/early DS9 uniforms, fencing, Padds, Leola root and assorted Star Trek beverages.

Any bugs or suggestions, comment on the steam workshop page.
</description>
</ModMetaData>