<?xml version="1.0" encoding="utf-8" ?>
<Defs>

    <!-- Social interactions -->
  
    <ThoughtDef>
    <defName>TM_EntertainerAuraTD</defName>
    <thoughtClass>Thought_MemorySocial</thoughtClass>
    <durationDays>2</durationDays>
    <stackLimit>1</stackLimit>
    <stackLimitForSameOtherPawn>3</stackLimitForSameOtherPawn>
    <stackedEffectMultiplier>0.8</stackedEffectMultiplier>
    <stages>
      <li>
        <label>social interaction</label>
		<description>I just exchanged combat tips with someone</description>
		<baseMoodEffect>5</baseMoodEffect>
        <baseOpinionOffset>3</baseOpinionOffset>
      </li>
    </stages>
  </ThoughtDef> 
  
</Defs>