<?xml version="1.0" encoding="utf-8" ?>
<Defs>

  <HediffDef>
    <defName>Betazoid_Hediff</defName>
    <hediffClass>HediffWithComps</hediffClass>
    <defaultLabelColor>(0.0, 0.8, 0.35)</defaultLabelColor>
    <label>Betazoid</label>
    <stages>
      <li>
        <capMods>

          <li>
            <capacity>Talking</capacity>
            <offset>0.5</offset>
          </li>
        </capMods>
      </li>
    </stages>
  </HediffDef>
  
  <HediffDef>
    <defName>Telepathic</defName>
    <hediffClass>HediffWithComps</hediffClass>
    <defaultLabelColor>(0.0, 0.8, 0.35)</defaultLabelColor>
    <label>Telepathic</label>
  </HediffDef>
 
  <HediffDef>
    <defName>Aenar</defName>
    <hediffClass>HediffWithComps</hediffClass>
    <defaultLabelColor>(0.0, 0.0, 0.8)</defaultLabelColor>
    <label>Aenar</label>
    <stages>
      <li>
        <capMods>

          <li>
            <capacity>Sight</capacity>
            <offset>0.0</offset>
          </li>
        </capMods>
      </li>
    </stages>
  </HediffDef> 
 
  
</Defs>