<?xml version="1.0" encoding="utf-8" ?>
<Defs>
	<!-- Plants -->
	<ThingDef ParentName="PlantBase">
		<defName>Plant_LeolaPlant</defName>
		<label>leola plant</label>
		<description>A small, fast-growing crop that yields large quantities of an edible root. Its great nutritional ouput but doesn't taste very nice. Leola Root manages to survive in most, if not all, types and qualities of soil.</description>
		<statBases>
			<MaxHitPoints>85</MaxHitPoints>
      <Nutrition>0.15</Nutrition>
		</statBases>
		<graphicData>
			<texPath>Things/Plants/LeolaPlant</texPath>
			<graphicClass>Graphic_Random</graphicClass>
		</graphicData>
		<selectable>true</selectable>
		<pathCost>10</pathCost>
    <ingestible />
		<plant>
			<dieIfLeafless>true</dieIfLeafless>
			<maxMeshCount>4</maxMeshCount>
			<harvestTag>Standard</harvestTag>
			<harvestedThingDef>LeolaRoot</harvestedThingDef>
			<harvestYield>10</harvestYield>
			<sowTags>
				<li>Ground</li>
				<li>Hydroponic</li>
			</sowTags>
			<topWindExposure>0.1</topWindExposure>
			<growDays>3</growDays>
      <visualSizeRange>0.3~1.05</visualSizeRange>
      <wildOrder>2</wildOrder>
      <purpose>Food</purpose>
		</plant>
	</ThingDef>
	
	
	<!-- Harvested -->
	  <ThingDef ParentName="PlantFoodRawBase">
    <defName>LeolaRoot</defName>
    <label>leola root</label>
    <description>Leola root.</description>
    <soundInteract>Grain_Drop</soundInteract>
    <soundDrop>Grain_Drop</soundDrop>
    <graphicData>
      <texPath>Things/Plants/LeolaRoot</texPath>
    </graphicData>
    <statBases>
      <MarketValue>1.1</MarketValue>
    </statBases>
    <ingestible>
      <foodType>Seed</foodType>
    </ingestible>
    <comps>
      <li Class="CompProperties_Rottable">
        <daysToRotStart>75</daysToRotStart>
				<rotDestroys>true</rotDestroys>
			</li>
    </comps>
  </ThingDef>
	
</Defs>