<?xml version="1.0" encoding="utf-8" ?>
<Defs>
   
  <ThingDef ParentName="BaseFilth">
    <defName>FilthBloodPantoran</defName>
    <label>blood</label>
    <statBases>
      <Beauty>-15</Beauty>
      <Cleanliness>-10</Cleanliness>
    </statBases>
    <graphicData>
	<texPath>Things/Filth/Spatter</texPath>
      <color>((155, 155, 5))</color>
    </graphicData>
    <filth>
      <rainWashes>true</rainWashes>
      <cleaningWorkToReduceThickness>90</cleaningWorkToReduceThickness>
      <canFilthAttach>true</canFilthAttach>
    </filth>
  </ThingDef>  
  
</Defs>