﻿<?xml version="1.0" encoding="utf-8" ?>
<Defs>

  <!-- ============================ Pantoran Base ========================== -->

  <AlienRace.ThingDef_AlienRace ParentName="BasePawn" Name="Alien_Pantoran">
  <defName>Alien_Pantoran</defName>
    <label>Pantoran</label>
    <description>Pantorans were a sentient species that looked very similar to humans. They had two legs, two arms ending in five-fingered hands, a torso and a single head. Like humans, they also had two sexes, male and female. However, all Pantorans had blue skin that turned indigo when they blushed and yellow eyes. They grew hair on the top of the head, and, in males, on the lower parts of the face. The color of their hair varied from white and purple to blue and black. Some Pantorans also displayed simple golden facial tattoos as a symbol status. These tattoos were based on ancient Pantoran texts. Known individuals ranged from 1.65 to 1.77 meters in height. The Pantorans had a greater resilience to low temperatures than humans.
Most Pantorans adorned their faces with yellow markings that signified their family affiliation. Those like Lassa Rhayme, who had no loyalties toward a family, bore no markings at all. The Pantoran regime was a democracy, and its governing body was the Pantoran Assembly.
Pantoran architecture was very vertical: whereas other cultures left their rooftops bare, Pantorans would not waste space, building more structures atop others and planting gardens.</description>

      <alienRace>
        <generalSettings>
        <humanRecipeImport>true</humanRecipeImport>
		<maleGenderProbability>.5</maleGenderProbability>
		<immuneToAge>false</immuneToAge>
	    <forcedRaceTraitEntries>
          <li>
             <defName>Beauty</defName>
             <degree>1</degree>
             <chance>20</chance>
          </li>
           <li>
			<defName>Abrasive</defName>
			<chance>20</chance>
           </li>
        </forcedRaceTraitEntries>
			<alienPartGenerator>
				<aliencrowntypes>
					<li>Average_Pointy</li>
					<li>Average_Normal</li>
					<li>Average_Wide</li>
					<li>Narrow_Pointy</li>
					<li>Narrow_Normal</li>
					<li>Narrow_Wide</li>
				</aliencrowntypes>
				<useGenderedHeads>true</useGenderedHeads>
				<useGenderedBodies>false</useGenderedBodies>
				<alienskincolorgen Class="ColorGenerator_Options">
					<options>
						<li>
							<weight>10</weight>
							<only>RGB(122,132,168)</only>
						</li>
						<li>
							<weight>10</weight>
							<only>RGB(100,108,138)</only>
						</li>
						<li>
							<weight>10</weight>
							<only>RGB(115,130,141)</only>
						</li>
						<li>
							<weight>10</weight>
							<only>RGB(150,150,149)</only>
						</li>
						<li>
							<weight>10</weight>
							<only>RGB(125,152,169)</only>
						</li>
						<li>
							<weight>10</weight>
							<only>RGB(127,125,127)</only>
						</li>
					</options>
				</alienskincolorgen>
				<alienhaircolorgen Class="ColorGenerator_Options">
                    <options>
						<li>
							<weight>10</weight>
							<only>RGB(178,159,165)</only>
						</li>
						<li>
							<weight>10</weight>
							<only>RGB(137,107,128)</only>
						</li>
						<li>
							<weight>10</weight>
							<only>RGB(217,211,204)</only>
						</li>
						<li>
							<weight>10</weight>
							<only>RGB(240,240,240)</only>
						</li>
							<li>
							<weight>10</weight>
							<only>RGB(138,140,137)</only>
						</li>
						
                    </options>
            </alienhaircolorgen>
			<useSkincolorForHair>false</useSkincolorForHair>
			</alienPartGenerator>
			<chemicalSettings>	
		    </chemicalSettings>
			</generalSettings>
			<graphicPaths>
                <li>
				<head>Things/Races/Pantoran/Head/</head>
				<body>Things/Races/Pantoran/Body/</body>
                </li>	
            </graphicPaths>
        <hairSettings>
            <hasHair>true</hasHair>
			<getsGreyAt>50</getsGreyAt>
			<hairTags>
			<li>Urban</li>
			<li>Punk</li>
			<li>Rural</li>
			<li>Tribal</li>
			<li>Pantoran</li>
			</hairTags>
        </hairSettings>
			<thoughtSettings>
				<cannotReceiveThoughts>
				</cannotReceiveThoughts>
			</thoughtSettings>
			<relationSettings>
			<relationChanceModifierChild>1</relationChanceModifierChild>
            <relationChanceModifierExLover>2</relationChanceModifierExLover>
            <relationChanceModifierExSpouse>1</relationChanceModifierExSpouse>
            <relationChanceModifierFiance>1</relationChanceModifierFiance>
            <relationChanceModifierLover>2</relationChanceModifierLover>
            <relationChanceModifierParent>1</relationChanceModifierParent>
            <relationChanceModifierSibling>3</relationChanceModifierSibling>
            <relationChanceModifierSpouse>1</relationChanceModifierSpouse>
			</relationSettings>
    </alienRace>
  
    <statBases>
      <MarketValue>2000</MarketValue>
      <MoveSpeed>4.62</MoveSpeed>
      <Flammability>1.0</Flammability>
      <ComfyTemperatureMin>-35</ComfyTemperatureMin>
      <ComfyTemperatureMax>25</ComfyTemperatureMax>
      <LeatherAmount>25</LeatherAmount>
    </statBases>
    <tools>
      <li>
        <label>left fist</label>
        <capacities>
          <li>Blunt</li>
        </capacities>
        <power>6</power>
        <cooldownTime>1.5</cooldownTime>
        <linkedBodyPartsGroup>LeftHand</linkedBodyPartsGroup>
        <surpriseAttack>
          <extraMeleeDamages>
            <li>
              <def>Stun</def>
              <amount>18</amount>
            </li>
          </extraMeleeDamages>
        </surpriseAttack>
      </li>
      <li>
        <label>right fist</label>
        <capacities>
          <li>Blunt</li>
        </capacities>
        <power>6</power>
        <cooldownTime>1.5</cooldownTime>
        <linkedBodyPartsGroup>RightHand</linkedBodyPartsGroup>
        <surpriseAttack>
          <extraMeleeDamages>
            <li>
              <def>Stun</def>
              <amount>18</amount>
            </li>
          </extraMeleeDamages>
        </surpriseAttack>
      </li>
      <li>
        <label>head</label>
        <capacities>
          <li>Blunt</li>
        </capacities>
        <power>4</power>
        <cooldownTime>1.6</cooldownTime>
        <linkedBodyPartsGroup>HeadAttackTool</linkedBodyPartsGroup>
        <chanceFactor>0.2</chanceFactor>
      </li>
    </tools>
    <race>
      <thinkTreeMain>Humanlike</thinkTreeMain>
      <thinkTreeConstant>HumanlikeConstant</thinkTreeConstant>
      <intelligence>Humanlike</intelligence>
      <makesFootprints>true</makesFootprints>
      <lifeExpectancy>90</lifeExpectancy>
      <useLeatherFrom>Human</useLeatherFrom>
      <nameGenerator>NamerPantoranMale</nameGenerator>
      <nameGeneratorFemale>NamerPantoranFemale</nameGeneratorFemale>
      <body>Human</body>
      <bloodDef>FilthBloodPantoran</bloodDef>
      <useMeatFrom>Human</useMeatFrom>
      <baseBodySize>1</baseBodySize>
      <baseHealthScale>1</baseHealthScale>
      <foodType>OmnivoreHuman</foodType>
      <gestationPeriodDays>45</gestationPeriodDays>
      <litterSizeCurve>
        <points>
          <li>(0.5, 0)</li>
          <li>(1, 1)</li>
          <li>(1.01, 0.02)</li>
          <li>(3.5, 0)</li>
        </points>
      </litterSizeCurve>
      <lifeStageAges>
        <li>
          <def>HumanlikeBaby</def>
          <minAge>0</minAge>
        </li>
        <li>
          <def>HumanlikeToddler</def>
          <minAge>4</minAge>
        </li>
        <li>
          <def>HumanlikeChild</def>
          <minAge>6</minAge>
        </li>
        <li>
          <def>HumanlikeTeenager</def>
          <minAge>13</minAge>
        </li>
        <li>
          <def>HumanlikeAdult</def>
          <minAge>18</minAge>
        </li>
      </lifeStageAges>
      <soundMeleeHitPawn>Pawn_Melee_Punch_HitPawn</soundMeleeHitPawn>
      <soundMeleeHitBuilding>Pawn_Melee_Punch_HitBuilding</soundMeleeHitBuilding>
      <soundMeleeMiss>Pawn_Melee_Punch_Miss</soundMeleeMiss>
      <specialShadowData>
        <volume>(0.3, 0.8, 0.4)</volume>
        <offset>(0,0,-0.3)</offset>
      </specialShadowData>
      <ageGenerationCurve>
        <points>
          <li>(14,0)</li>
          <li>(16,100)</li>
          <li>(50,100)</li>
          <li>(60,30)</li>
          <li>(70,18)</li>
          <li>(80,10)</li>
          <li>(90,3)</li>
          <li>(100,0)</li>
        </points>
      </ageGenerationCurve>
    </race>
    <recipes>
      <li>InstallArchotechEye</li>
      <li>InstallArchotechArm</li>
      <li>InstallArchotechLeg</li>
      <li>InstallPowerClaw</li>
      <li>InstallBionicEye</li>
      <li>InstallBionicArm</li>
      <li>InstallBionicLeg</li>
      <li>InstallBionicSpine</li>
      <li>InstallBionicHeart</li>
      <li>InstallBionicStomach</li>
      <li>InstallBionicEar</li>
      <li>InstallSimpleProstheticArm</li>
      <li>InstallSimpleProstheticLeg</li>
      <li>InstallSimpleProstheticHeart</li>
      <li>InstallCochlearImplant</li>
      <li>InstallPegLeg</li>
      <li>InstallWoodenFoot</li>
      <li>InstallDenture</li>
      <li>InstallJoywire</li>
      <li>InstallPainstopper</li>
      <li>InstallNaturalHeart</li>
      <li>InstallNaturalLung</li>
      <li>InstallNaturalKidney</li>
      <li>InstallNaturalLiver</li>
      <li>ExciseCarcinoma</li>
      <li>AdministerMechSerumHealer</li>
      <li>RemoveBodyPart</li>
      <li>Euthanize</li>
      <li>Anesthetize</li>
    </recipes>
  </AlienRace.ThingDef_AlienRace>
  </Defs>