﻿<?xml version="1.0" encoding="utf-8" ?>
<Defs>

  <FactionDef Abstract="True" Name="vulcanFactionBase">
    <colorSpectrum>
      <li>(0.0, 0.75, 0.0)</li>
    </colorSpectrum>
  </FactionDef>
  
  <FactionDef Parent="vulcanFactionBase">
    <defName>VulcanPlayerColony</defName>
    <label>vulcan</label>
    <description>Your own community.</description>
    <isPlayer>true</isPlayer>
    <basicMemberKind>Vulcan</basicMemberKind>
    <pawnsPlural>colonists</pawnsPlural>
	<pawnNameMaker>NamerVulcanUtility</pawnNameMaker>
    <techLevel>Spacer</techLevel>
    <backstoryCategories><li>Vulcan</li></backstoryCategories>
    <homeIconPath>World/WorldObjects/FactionLogos/VulcanFactionBase</homeIconPath>
    <expandingIconTexture>World/WorldObjects/Expanding/Town</expandingIconTexture>
	    <playerInitialSettlementNameMaker>NamerInitialSettlementColony</playerInitialSettlementNameMaker>
		<factionNameMaker>NamerFactionOutlander</factionNameMaker>
		<settlementNameMaker>NamerSettlementOutlander</settlementNameMaker>
    <startingResearchTags>
      <li>ClassicStart</li>
    </startingResearchTags>
    <hairTags>
	  <li>Urban</li>
	  <li>Punk</li>
	  <li>Rural</li>
	  <li>Tribal</li>
	</hairTags>
    <apparelStuffFilter>
      <thingDefs>
        <li>Synthread</li>
      </thingDefs>
    </apparelStuffFilter>

  </FactionDef>

</Defs>