﻿<?xml version="1.0" encoding="utf-8" ?>
<Defs>

  <FactionDef Abstract="True" Name="FederationFactionBase">
    <colorSpectrum>
      <li>(1, 0.43, 0, 0)</li>
    </colorSpectrum>
  </FactionDef>
  
  <FactionDef Parent="FederationFactionBase">
    <defName>FederationPlayerColony</defName>
    <label>Federation</label>
    <description>Your own community.</description>
    <isPlayer>true</isPlayer>
    <basicMemberKind>Colonist</basicMemberKind>
    <pawnsPlural>colonists</pawnsPlural>
	<pawnNameMaker>NamerFederationUtility</pawnNameMaker>
    <techLevel>Spacer</techLevel>
	<backstoryCategories>
	<li>Trill</li>
	<li>Andorian</li>
	<li>Betazoid</li>
	<li>Starfleet</li>
	</backstoryCategories>
    <homeIconPath>World/WorldObjects/FactionLogos/FedFactionBase</homeIconPath>
    <expandingIconTexture>World/WorldObjects/Expanding/Town</expandingIconTexture>
	    <playerInitialSettlementNameMaker>NamerInitialSettlementColony</playerInitialSettlementNameMaker>
		<factionNameMaker>NamerFactionOutlander</factionNameMaker>
		<settlementNameMaker>NamerSettlementOutlander</settlementNameMaker>
    <startingResearchTags>
      <li>ClassicStart</li>
    </startingResearchTags>
    <hairTags>
	  <li>Urban</li>
	  <li>Punk</li>
	  <li>Rural</li>
	  <li>Tribal</li>
	</hairTags>
    <apparelStuffFilter>
      <thingDefs>
        <li>Synthread</li>
      </thingDefs>
    </apparelStuffFilter>

  </FactionDef>

</Defs>