﻿<?xml version="1.0" encoding="utf-8" ?>
<Defs>

  <FactionDef Abstract="True" Name="AndorianFactionBase">
    <colorSpectrum>
      <li>(1, 0.43, 0, 0)</li>
    </colorSpectrum>
  </FactionDef>
  
  <FactionDef Parent="AndorianFactionBase">
    <defName>AndorianPlayerColony</defName>
    <label>Andorian</label>
    <description>Your own community.</description>
    <isPlayer>true</isPlayer>
    <basicMemberKind>Andorian</basicMemberKind>
    <pawnsPlural>colonists</pawnsPlural>
	<pawnNameMaker>NamerAndorianUtility</pawnNameMaker>
    <techLevel>Spacer</techLevel>
    <backstoryCategories><li>Andorian</li></backstoryCategories>
    <homeIconPath>World/WorldObjects/FactionLogos/AndorianFactionBase</homeIconPath>
    <expandingIconTexture>World/WorldObjects/Expanding/Town</expandingIconTexture>
	    <playerInitialSettlementNameMaker>NamerInitialSettlementColony</playerInitialSettlementNameMaker>
		<factionNameMaker>NamerFactionOutlander</factionNameMaker>
		<settlementNameMaker>NamerSettlementOutlander</settlementNameMaker>
    <startingResearchTags>
      <li>ClassicStart</li>
    </startingResearchTags>
    <hairTags>
	  <li>Urban</li>
	  <li>Punk</li>
	  <li>Rural</li>
	  <li>Tribal</li>
	</hairTags>
    <apparelStuffFilter>
      <thingDefs>
        <li>Synthread</li>
      </thingDefs>
    </apparelStuffFilter>

  </FactionDef>

</Defs>