﻿<?xml version="1.0" encoding="utf-8" ?>
<Defs>

  <FactionDef>
		<defName>Betazoid</defName>
		<label>betazoid alliance</label>
    <description>A member of the telepathic Betazoid race. A very open and honest species. They rarely take aggresive actions.</description>
    <pawnsPlural>betazoid</pawnsPlural>
	<fixedName>Betazoid</fixedName>
    <settlementGenerationWeight>1</settlementGenerationWeight>
    <requiredCountAtGameStart>1</requiredCountAtGameStart>
    <canMakeRandomly>false</canMakeRandomly>
    <canSiege>false</canSiege>
    <canStageAttacks>false</canStageAttacks>
    <leaderTitle>Ruler</leaderTitle>
    <expandingIconTexture>World/WorldObjects/BetazoidFactionBase</expandingIconTexture>
    <colorSpectrum>
      <li>(0.75, 0.0, 0.75)</li>
    </colorSpectrum>
    <startingGoodwill>
      <min>10</min>
      <max>40</max>
    </startingGoodwill>
    <pawnNameMaker>NamerBetazoidUtility</pawnNameMaker>
	<settlementNameMaker>NamerSettlementOutlander</settlementNameMaker>
	<techLevel>Industrial</techLevel>
	<backstoryCategories><li>Betazoid</li></backstoryCategories>
	<hairTags>
			<li>Urban</li>
			<li>Punk</li>
			<li>Rural</li>
			<li>Tribal</li>
	</hairTags>
    <naturalColonyGoodwill>
      <min>-60</min>
      <max>0</max>
    </naturalColonyGoodwill>
    <visitorTraderKinds>
      <li>Visitor_Betazoid_Standard</li>
    </visitorTraderKinds>
   <caravanTraderKinds>
      <li>Caravan_Outlander_BulkGoods</li>
      <li>Caravan_Outlander_CombatSupplier</li>
      <li>Caravan_Outlander_Exotic</li>
    </caravanTraderKinds>
    <baseTraderKinds>
      <li>Base_Outlander_Standard</li>
    </baseTraderKinds>
    <allowedArrivalTemperatureRange>
      <min>-30</min>
      <max>45</max>
    </allowedArrivalTemperatureRange>
	<maxPawnCostPerTotalPointsCurve>
      <points>
        <li>(0,35)</li>
        <li>(70, 50)</li>
        <li>(700, 100)</li>
        <li>(1300, 150)</li>
        <li>(100000, 10000)</li>
      </points>
    </maxPawnCostPerTotalPointsCurve>
    <pawnGroupMakers>
      <li>
        <kindDef>Peaceful</kindDef>
        <options>
          <BetazoidColonist>5</BetazoidColonist>
          <BetazoidSecurityGuard>9</BetazoidSecurityGuard>
          <BetazoidRuler>10</BetazoidRuler>
          <BetazoidRecruit>1</BetazoidRecruit>
          <BetazoidHunter>5</BetazoidHunter>
          <BetazoidCommando>5</BetazoidCommando>
          <BetazoidCommandoElite>1</BetazoidCommandoElite>
        </options>
      </li>
	  <li>
      <kindDef>Trader</kindDef>
        <traders>
          <BetazoidTrader>1</BetazoidTrader>
        </traders>
        <carriers>
          <Muffalo>2</Muffalo>
          <Dromedary>2</Dromedary>
        </carriers>
        <guards>
          <BetazoidSecurityGuard>9</BetazoidSecurityGuard>
          <BetazoidRecruit>1</BetazoidRecruit>
          <BetazoidHunter>5</BetazoidHunter>
          <BetazoidCommando>2</BetazoidCommando>
        </guards>
      </li>
	  <li>
        <kindDef>Combat</kindDef>
        <options>
          <BetazoidColonist>1</BetazoidColonist>
          <BetazoidSecurityGuard>8</BetazoidSecurityGuard>
          <BetazoidRuler>1</BetazoidRuler>
          <BetazoidRecruit>1</BetazoidRecruit>
          <BetazoidHunter>5</BetazoidHunter>
          <BetazoidCommando>5</BetazoidCommando>
          <BetazoidCommandoElite>2</BetazoidCommandoElite>
        </options>
      </li>
	  <li>
        <kindDef>Settlement</kindDef>
        <options>
          <BetazoidColonist>2</BetazoidColonist>
          <BetazoidSecurityGuard>5</BetazoidSecurityGuard>
          <BetazoidRuler>1</BetazoidRuler>
          <BetazoidRecruit>1</BetazoidRecruit>
          <BetazoidHunter>5</BetazoidHunter>
          <BetazoidCommando>3</BetazoidCommando>
          <BetazoidCommandoElite>2</BetazoidCommandoElite>
        </options>
      </li>
    </pawnGroupMakers>
    <homeIconPath>World/WorldObjects/BetazoidFactionBase</homeIconPath>
	<apparelStuffFilter>
		<thingDefs>
			<li>Synthread</li>
			<li>Hyperweave</li>
		</thingDefs>
	</apparelStuffFilter>
  </FactionDef>

</Defs>