﻿<?xml version="1.0" encoding="utf-8" ?>
<Defs>

  <FactionDef Abstract="True" Name="orionFactionBase">
    <colorSpectrum>
      <li>(0.0, 0.75, 0.0)</li>
    </colorSpectrum>
  </FactionDef>
  
  <FactionDef Parent="orionFactionBase">
    <defName>orionPlayerColony</defName>
    <label>orion</label>
    <description>Your own community.</description>
    <isPlayer>true</isPlayer>
    <basicMemberKind>orion</basicMemberKind>
    <pawnsPlural>colonists</pawnsPlural>
	<pawnNameMaker>NamerorionUtility</pawnNameMaker>
    <techLevel>Spacer</techLevel>
    <backstoryCategories><li>orion</li></backstoryCategories>
    <homeIconPath>World/WorldObjects/orionFactionBase</homeIconPath>
    <expandingIconTexture>World/WorldObjects/Expanding/Town</expandingIconTexture>
	    <playerInitialSettlementNameMaker>NamerInitialSettlementColony</playerInitialSettlementNameMaker>
		<factionNameMaker>NamerFactionOutlander</factionNameMaker>
		<settlementNameMaker>NamerSettlementOutlander</settlementNameMaker>
    <startingResearchTags>
      <li>ClassicStart</li>
    </startingResearchTags>
    <hairTags>
	  <li>Urban</li>
	  <li>Punk</li>
	  <li>Rural</li>
	  <li>Tribal</li>
	</hairTags>
    <apparelStuffFilter>
      <thingDefs>
        <li>Synthread</li>
      </thingDefs>
    </apparelStuffFilter>

  </FactionDef>

</Defs>