﻿<?xml version="1.0" encoding="utf-8" ?>
<Defs>
  <RulePackDef>
    <defName>NamerFederationUtility</defName>
    <rulePack>
      <rulesFiles>
        <li>FedFirstMale->NameBanks/Names_First_Federation_Male</li>
        <li>FedFirstFemale->NameBanks/Names_First_Federation_Female</li>
        <li>FedLast->NameBanks/Names_Last_Federation</li>
      </rulesFiles>
    </rulePack>
  </RulePackDef>
  
  <RulePackDef>
    <defName>NamerFederationMale</defName>
    <include>
      <li>NamerFederationUtility</li>
    </include>
    <rulePack>
      <rulesStrings>
        <li>name->[FedFirstMale] [FedLast]</li>
      </rulesStrings>
    </rulePack>
  </RulePackDef>

  <RulePackDef>
    <defName>NamerFederationFemale</defName>
    <include>
      <li>NamerFederationUtility</li>
    </include>
    <rulePack>
      <rulesStrings>
        <li>name->[FedFirstFemale] [FedLast]</li>
      </rulesStrings>
    </rulePack>
  </RulePackDef>

</Defs>