<?xml version="1.0" encoding="utf-8" ?>
<Defs>

 <ThingDef ParentName="BodyPartArtificialBase">
 <defName>TrillSymbiont</defName>
 <label>Trill Symbiont</label>
 <description>A Trill symbiont.</description>
 <graphicData>
 <texPath>World/WorldObjects/TrillSymbiont</texPath>
 <graphicClass>Graphic_Single</graphicClass>
 <drawSize>0.80</drawSize>
 </graphicData>
 <recipeMaker>
 <workSpeedStat>SmithingSpeed</workSpeedStat>
 <workSkill>Crafting</workSkill>
 <effectWorking>Smith</effectWorking>
 <soundWorking>Recipe_Smith</soundWorking>
 <recipeUsers>
 <li>FabricationBench</li>
 </recipeUsers>
 <unfinishedThingDef>UnfinishedComponent</unfinishedThingDef>
 <skillRequirements>
 <Crafting>8</Crafting>
 </skillRequirements>
 <researchPrerequisite>MicroelectronicsBasics</researchPrerequisite>
 </recipeMaker>
 <techLevel>Industrial</techLevel>
 <costList>
 <Plasteel>10</Plasteel>
 <ComponentSpacer>4</ComponentSpacer>
 </costList>
 <statBases>
 <WorkToMake>38000</WorkToMake>
 <Mass>0.3</Mass>
 </statBases>
 <techHediffsTags>
 <li>Advanced</li>
 </techHediffsTags>
 </ThingDef>
  <ThingDef ParentName="BodyPartArtificialBase">
 <defName>BionicAntenna</defName>
 <label>Bionic Antenna</label>
 <description>Bionic Antenna for a needy Andorian</description>
 <graphicData>
 <texPath>World/WorldObjects/BionicAntenna</texPath>
 <graphicClass>Graphic_Single</graphicClass>
 <drawSize>0.80</drawSize>
 </graphicData>
 <recipeMaker>
 <workSpeedStat>SmithingSpeed</workSpeedStat>
 <workSkill>Crafting</workSkill>
 <effectWorking>Smith</effectWorking>
 <soundWorking>Recipe_Smith</soundWorking>
 <recipeUsers>
 <li>FabricationBench</li>
 </recipeUsers>
 <unfinishedThingDef>UnfinishedComponent</unfinishedThingDef>
 <skillRequirements>
 <Crafting>8</Crafting>
 </skillRequirements>
 <researchPrerequisite>MicroelectronicsBasics</researchPrerequisite>
 </recipeMaker>
 <techLevel>Industrial</techLevel>
 <costList>
 <Steel>10</Steel>
 <ComponentSpacer>4</ComponentSpacer>
 </costList>
 <statBases>
 <WorkToMake>38000</WorkToMake>
 <Mass>0.3</Mass>
 </statBases>
 <techHediffsTags>
 <li>Advanced</li>
 </techHediffsTags>
 </ThingDef>

</Defs>