﻿<?xml version="1.0" encoding="utf-8" ?>
<Defs>

  <FactionDef>
		<defName>Ferengi</defName>
		<label>Ferengi alliance</label>
    <description>A colony of the Ferengi race. They are here to accrue materials to sell for a hefty price.</description>
    <pawnsPlural>Ferengi</pawnsPlural>
	<fixedName>The Ferengi Alliance</fixedName>
    <settlementGenerationWeight>1</settlementGenerationWeight>
    <requiredCountAtGameStart>1</requiredCountAtGameStart>
    <canMakeRandomly>true</canMakeRandomly>
    <canSiege>false</canSiege>
    <canStageAttacks>true</canStageAttacks>
    <leaderTitle>Ruler</leaderTitle>
    <expandingIconTexture>World/WorldObjects/FactionLogos/FerengiFactionBase</expandingIconTexture>
    <colorSpectrum>
      <li>(1, 0.5, 1)</li>
    </colorSpectrum>
    <startingGoodwill>
      <min>-100</min>
      <max>40</max>
    </startingGoodwill>
    <pawnNameMaker>NamerFerengiUtility</pawnNameMaker>
	<settlementNameMaker>NamerSettlementOutlander</settlementNameMaker>
	<techLevel>Industrial</techLevel>
	<backstoryCategories><li>Ferengi</li></backstoryCategories>
	<hairTags>
			
	</hairTags>
    <naturalColonyGoodwill>
      <min>-60</min>
      <max>0</max>
    </naturalColonyGoodwill>
    <visitorTraderKinds>
      <li>Visitor_Ferengi_Standard</li>
    </visitorTraderKinds>
   <caravanTraderKinds>
      <li>Caravan_Outlander_BulkGoods</li>
      <li>Caravan_Outlander_CombatSupplier</li>
      <li>Caravan_Outlander_Exotic</li>
    </caravanTraderKinds>
    <baseTraderKinds>
      <li>Base_Outlander_Standard</li>
    </baseTraderKinds>
    <allowedArrivalTemperatureRange>
      <min>-30</min>
      <max>45</max>
    </allowedArrivalTemperatureRange>
	<maxPawnCostPerTotalPointsCurve>
      <points>
        <li>(0,35)</li>
        <li>(70, 50)</li>
        <li>(700, 100)</li>
        <li>(1300, 150)</li>
        <li>(100000, 10000)</li>
      </points>
    </maxPawnCostPerTotalPointsCurve>
    <pawnGroupMakers>
      <li>
        <kindDef>Peaceful</kindDef>
        <options>
          <FerengiColonist>5</FerengiColonist>
          <FerengiTaxCollector>9</FerengiTaxCollector>
          <FerengiGrandNagus>1</FerengiGrandNagus>
          <FerengiSalesman>10</FerengiSalesman>
        </options>
      </li>
	  <li>
      <kindDef>Trader</kindDef>
        <traders>
          <AndorianTrader>1</AndorianTrader>
        </traders>
        <carriers>
          <Muffalo>2</Muffalo>
          <Dromedary>2</Dromedary>
        </carriers>
        <guards>
          <FerengiTaxCollector>9</FerengiTaxCollector>
          <FerengiSalesman>1</FerengiSalesman>
          <FerengiGrandNagus>5</FerengiGrandNagus>
          <FerengiColonist>2</FerengiColonist>
        </guards>
      </li>
	  <li>
        <kindDef>Combat</kindDef>
        <options>
          <FerengiColonist>1</FerengiColonist>
          <FerengiTaxCollector>8</FerengiTaxCollector>
          <FerengiGrandNagus>1</FerengiGrandNagus>
          <FerengiSalesman>1</FerengiSalesman>
        </options>
      </li>
	  <li>
        <kindDef>Settlement</kindDef>
        <options>
          <FerengiColonist>9</FerengiColonist>
          <FerengiTaxCollector>5</FerengiTaxCollector>
          <FerengiGrandNagus>1</FerengiGrandNagus>
          <FerengiSalesman>1</FerengiSalesman>
        </options>
      </li>
    </pawnGroupMakers>
    <homeIconPath>World/WorldObjects/FactionLogos/FerengiFactionBase</homeIconPath>
	<apparelStuffFilter>
		<thingDefs>
			<li>Synthread</li>
			<li>Hyperweave</li>
		</thingDefs>
	</apparelStuffFilter>
  </FactionDef>

</Defs>