﻿<?xml version="1.0" encoding="utf-8" ?>
<Defs>

  <FactionDef>
		<defName>Vulcan</defName>
		<label>Vulcan Consulate</label>
    <description>A colony of the Vulcan confederacy. They are a peaceful people who are here for scientific research.</description>
    <pawnsPlural>Vulcan</pawnsPlural>
	<fixedName>The Vulcan Consulate</fixedName>
    <settlementGenerationWeight>1</settlementGenerationWeight>
    <requiredCountAtGameStart>1</requiredCountAtGameStart>
    <canMakeRandomly>false</canMakeRandomly>
    <canSiege>false</canSiege>
    <canStageAttacks>false</canStageAttacks>
    <leaderTitle>Ruler</leaderTitle>
    <expandingIconTexture>World/WorldObjects/FactionLogos/VulcanFactionBase</expandingIconTexture>
    <colorSpectrum>
      <li>(0.25, 0.25, 0.25)</li>
    </colorSpectrum>
    <startingGoodwill>
      <min>10</min>
      <max>40</max>
    </startingGoodwill>
    <pawnNameMaker>NamerVulcanUtility</pawnNameMaker>
	<settlementNameMaker>NamerSettlementOutlander</settlementNameMaker>
	<techLevel>Spacer</techLevel>
	<backstoryCategories><li>Vulcan</li></backstoryCategories>
	<hairTags>
			<li>Vulcanite</li>
	</hairTags>
    <naturalColonyGoodwill>
      <min>-60</min>
      <max>0</max>
    </naturalColonyGoodwill>
    <visitorTraderKinds>
      <li>Visitor_Vulcan_Standard</li>
    </visitorTraderKinds>
   <caravanTraderKinds>
      <li>Caravan_Outlander_BulkGoods</li>
      <li>Caravan_Outlander_CombatSupplier</li>
      <li>Caravan_Outlander_Exotic</li>
    </caravanTraderKinds>
    <baseTraderKinds>
      <li>Base_Outlander_Standard</li>
    </baseTraderKinds>
    <allowedArrivalTemperatureRange>
      <min>-30</min>
      <max>45</max>
    </allowedArrivalTemperatureRange>
	<maxPawnCostPerTotalPointsCurve>
      <points>
        <li>(0,35)</li>
        <li>(70, 50)</li>
        <li>(700, 100)</li>
        <li>(1300, 150)</li>
        <li>(100000, 10000)</li>
      </points>
    </maxPawnCostPerTotalPointsCurve>
    <pawnGroupMakers>
      <li>
        <kindDef>Peaceful</kindDef>
        <options>
          <VulcanColonist>5</VulcanColonist>
          <VulcanSecurityGuard>9</VulcanSecurityGuard>
          <VulcanRuler>10</VulcanRuler>
          <VulcanRecruit>1</VulcanRecruit>
          <VulcanHunter>5</VulcanHunter>
          <VulcanCommando>5</VulcanCommando>
          <VulcanCommandoElite>1</VulcanCommandoElite>
        </options>
      </li>
	  <li>
      <kindDef>Trader</kindDef>
        <traders>
          <VulcanTrader>1</VulcanTrader>
        </traders>
        <carriers>
          <Muffalo>2</Muffalo>
          <Dromedary>2</Dromedary>
        </carriers>
        <guards>
          <VulcanSecurityGuard>9</VulcanSecurityGuard>
          <VulcanRecruit>1</VulcanRecruit>
          <VulcanHunter>5</VulcanHunter>
          <VulcanCommando>2</VulcanCommando>
        </guards>
      </li>
	  <li>
        <kindDef>Combat</kindDef>
        <options>
          <VulcanColonist>1</VulcanColonist>
          <VulcanSecurityGuard>8</VulcanSecurityGuard>
          <VulcanRuler>1</VulcanRuler>
          <VulcanRecruit>1</VulcanRecruit>
          <VulcanHunter>5</VulcanHunter>
          <VulcanCommando>5</VulcanCommando>
          <VulcanCommandoElite>2</VulcanCommandoElite>
        </options>
      </li>
	  <li>
        <kindDef>Settlement</kindDef>
        <options>
          <VulcanColonist>2</VulcanColonist>
          <VulcanSecurityGuard>5</VulcanSecurityGuard>
          <VulcanRuler>1</VulcanRuler>
          <VulcanRecruit>1</VulcanRecruit>
          <VulcanHunter>5</VulcanHunter>
          <VulcanCommando>3</VulcanCommando>
          <VulcanCommandoElite>2</VulcanCommandoElite>
        </options>
      </li>
    </pawnGroupMakers>
    <homeIconPath>World/WorldObjects/FactionLogos/VulcanFactionBase</homeIconPath>
	<apparelStuffFilter>
		<thingDefs>
			<li>Synthread</li>
			<li>Hyperweave</li>
		</thingDefs>
	</apparelStuffFilter>
  </FactionDef>

</Defs>