﻿<?xml version="1.0" encoding="utf-8" ?>
<Defs>

  <FactionDef>
		<defName>Bajoran</defName>
		<label>Bajoran Provisional Government</label>
    <description>A colony of the Bajoran Provisional Government. They are a peaceful people who are here to gain wealth and produce crops.</description>
    <pawnsPlural>Bajoran</pawnsPlural>
	<fixedName>The Bajoran Provisional Government</fixedName>
    <settlementGenerationWeight>1</settlementGenerationWeight>
    <requiredCountAtGameStart>1</requiredCountAtGameStart>
    <canMakeRandomly>false</canMakeRandomly>
    <canSiege>false</canSiege>
    <canStageAttacks>false</canStageAttacks>
    <leaderTitle>First Minister</leaderTitle>
    <expandingIconTexture>World/WorldObjects/FactionLogos/BajoranFactionBase</expandingIconTexture>
    <colorSpectrum>
      <li>(0.2, 0.1, 0.2)</li>
    </colorSpectrum>
    <startingGoodwill>
      <min>50</min>
      <max>50</max>
    </startingGoodwill>
    <pawnNameMaker>NamerBajoranUtility</pawnNameMaker>
	<settlementNameMaker>NamerSettlementOutlander</settlementNameMaker>
	<techLevel>Spacer</techLevel>
	<backstoryCategories><li>Bajoran</li></backstoryCategories>
	<hairTags>
			<li>Rural</li>
			<li>Urban</li>
	</hairTags>
    <naturalColonyGoodwill>
      <min>60</min>
      <max>61</max>
    </naturalColonyGoodwill>
    <visitorTraderKinds>
      <li>Visitor_Bajoran_Standard</li>
    </visitorTraderKinds>
   <caravanTraderKinds>
      <li>Caravan_Outlander_BulkGoods</li>
      <li>Caravan_Outlander_CombatSupplier</li>
      <li>Caravan_Outlander_Exotic</li>
    </caravanTraderKinds>
    <baseTraderKinds>
      <li>Base_Outlander_Standard</li>
    </baseTraderKinds>
    <allowedArrivalTemperatureRange>
      <min>-20</min>
      <max>45</max>
    </allowedArrivalTemperatureRange>
	<maxPawnCostPerTotalPointsCurve>
      <points>
        <li>(0,35)</li>
        <li>(70, 50)</li>
        <li>(700, 100)</li>
        <li>(1300, 150)</li>
        <li>(100000, 10000)</li>
      </points>
    </maxPawnCostPerTotalPointsCurve>
    <pawnGroupMakers>
      <li>
        <kindDef>Peaceful</kindDef>
        <options>
		<BajoranColonist>5</BajoranColonist>
		<BajoranSoldier>10</BajoranSoldier>
		<BajoranMinister>3</BajoranMinister>
		<BajoranFarmer>10</BajoranFarmer>
        </options>
      </li>
	  <li>
      <kindDef>Trader</kindDef>
        <traders>
          <VulcanTrader>1</VulcanTrader>
        </traders>
        <carriers>
          <Muffalo>4</Muffalo>
        </carriers>
        <guards>
		<BajoranColonist>5</BajoranColonist>
		<BajoranSoldier>10</BajoranSoldier>
		<BajoranFarmer>5</BajoranFarmer>
        </guards>
      </li>
	  <li>
        <kindDef>Combat</kindDef>
        <options>
		<BajoranColonist>5</BajoranColonist>
		<BajoranSoldier>10</BajoranSoldier>
		<BajoranFarmer>10</BajoranFarmer>
        </options>
      </li>
	  <li>
        <kindDef>Settlement</kindDef>
        <options>
		<BajoranColonist>5</BajoranColonist>
		<BajoranSoldier>10</BajoranSoldier>
		<BajoranMinister>3</BajoranMinister>
		<BajoranFarmer>20</BajoranFarmer>
        </options>
      </li>
    </pawnGroupMakers>
    <homeIconPath>World/WorldObjects/FactionLogos/BajoranFactionBase</homeIconPath>
	<apparelStuffFilter>
		<thingDefs>
			<li>Synthread</li>
			<li>Hyperweave</li>
		</thingDefs>
	</apparelStuffFilter>
  </FactionDef>

</Defs>