<?xml version="1.0" encoding="utf-8"?>
<ModMetaData>
	<name>Star Wars: Pantoran </name>
	<packageId>Juvia.StarWarsRaces.Pantoran</packageId>
	<author>Juvia</author>
	<supportedVersions>
	<li>1.0</li>
	<li>1.1</li>
	</supportedVersions>
    <modDependencies>
      <li>
        <packageId>erdelf.HumanoidAlienRaces</packageId>
        <displayName>Humanoid Alien Races 2.0</displayName>
        <steamWorkshopUrl>https://steamcommunity.com/sharedfiles/filedetails/?id=839005762</steamWorkshopUrl>
      </li>
    </modDependencies>
	<loadAfter>
		<li>erdelf.HumanoidAlienRaces</li>
	</loadAfter>
<description>
A Star Wars race, in Rimworld form. 

Currently adds: Pantoran race and faction into the game.

Any bugs or suggestions, comment on the steam workshop page.
</description>
</ModMetaData>