﻿<?xml version="1.0" encoding="utf-8" ?>
<Defs>

  <!-- ============================ Romulan Base ========================== -->

  <AlienRace.ThingDef_AlienRace ParentName="BasePawn" Name="Alien_Romulan">
  <defName>Alien_Romulan</defName>
    <label>romulan</label>
    <description>A member of the pointy-eared Romulan race. Genetically related to the Vulcans, they could not possibly contrast more. They are generally viewed as untrustworthy.</description>
      <alienRace>
        <generalSettings>
        <humanRecipeImport>true</humanRecipeImport>
		<maleGenderProbability>.5</maleGenderProbability>
		<immuneToAge>false</immuneToAge>
	    <forcedRaceTraitEntries>
          <li>
             <defName>Jealous</defName>
             <chance>30</chance>
          </li>
           <li>
			<defName>Abrasive</defName>
			<chance>30</chance>
           </li>
		   <li>
		   <defName>Race_Romulan</defName>
           <degree>1</degree>
		   <chance>100</chance>
		   </li>
        </forcedRaceTraitEntries>
			<alienPartGenerator>
			    <aliencrowntypes>
					<li>Average_Normal</li>
					<li>Average_Pointy</li>
				</aliencrowntypes>
				 <alienbodytypes>
				 <li>Thin</li>
				 <li>Fat</li>
				 <li>Hulk</li>
                </alienbodytypes>
				<useGenderedHeads>true</useGenderedHeads>
				<useGenderedBodies>false</useGenderedBodies>
				<alienskincolorgen Class="ColorGenerator_Options">
					<options>
						<li>
                        <weight>5</weight>
                        <only>RGBA(0.722,0.541,0.388,1)</only>
                    </li>
                    <li>
                        <weight>5</weight>
                        <only>RGBA(0.878, 0.658, 0.471,1)</only>
                    </li>
					 <li>
                        <weight>5</weight>
                        <only>RGBA(1.000, 0.937, 0.835, 1)</only>
                    </li>
					<li>
                        <weight>5</weight>
                        <only>RGBA(0.627, 0.322, 0.176, 1)</only>
                    </li>
					<li>
                        <weight>5</weight>
                        <only>RGBA(0.545, 0.271, 0.075, 1)</only>
                    </li>
					</options>
				</alienskincolorgen>
				<alienhaircolorgen Class="ColorGenerator_Options">
                    <options>
                    <li>
                        <weight>5</weight>
                        <only>RGB(34, 19, 25)</only>
                    </li>
                    <li>
                        <weight>5</weight>
                        <only>RGB(122, 83, 75)</only>
                    </li>
                    <li>
                        <weight>2</weight>
                        <only>RGB(71, 48, 43)</only>
                    </li>
                    </options>
            </alienhaircolorgen>
			<useSkincolorForHair>false</useSkincolorForHair>
			</alienPartGenerator>
			<chemicalSettings>	
		    </chemicalSettings>
			</generalSettings>
			<graphicPaths>
                <li>
				<head>Things/Races/Romulan/Head/</head>
				<body>Things/Races/Romulan/Body/</body>
                </li>	
            </graphicPaths>
        <hairSettings>
            <hasHair>true</hasHair>
			<getsGreyAt>55</getsGreyAt>
			<hairTags>
			<li>Vulcanite</li>
			</hairTags>
        </hairSettings>
			<thoughtSettings>
				<cannotReceiveThoughts>
				</cannotReceiveThoughts>
			</thoughtSettings>
			<relationSettings>
			<relationChanceModifierChild>1</relationChanceModifierChild>
            <relationChanceModifierExLover>2</relationChanceModifierExLover>
            <relationChanceModifierExSpouse>1</relationChanceModifierExSpouse>
            <relationChanceModifierFiance>1</relationChanceModifierFiance>
            <relationChanceModifierLover>2</relationChanceModifierLover>
            <relationChanceModifierParent>1</relationChanceModifierParent>
            <relationChanceModifierSibling>3</relationChanceModifierSibling>
            <relationChanceModifierSpouse>1</relationChanceModifierSpouse>
			</relationSettings>
    </alienRace>
  
    <statBases>
      <MarketValue>2000</MarketValue>
      <MoveSpeed>4.62</MoveSpeed>
      <Flammability>1.0</Flammability>
      <ComfyTemperatureMin>0</ComfyTemperatureMin>
      <ComfyTemperatureMax>30</ComfyTemperatureMax>
      <LeatherAmount>25</LeatherAmount>
    </statBases>
    <tools>
      <li>
        <label>left fist</label>
        <capacities>
          <li>Blunt</li>
        </capacities>
        <power>5</power>
        <cooldownTime>1.5</cooldownTime>
        <linkedBodyPartsGroup>LeftHand</linkedBodyPartsGroup>
        <surpriseAttack>
          <extraMeleeDamages>
            <li>
              <def>Stun</def>
              <amount>18</amount>
            </li>
          </extraMeleeDamages>
        </surpriseAttack>
      </li>
      <li>
        <label>right fist</label>
        <capacities>
          <li>Blunt</li>
        </capacities>
        <power>5</power>
        <cooldownTime>1.5</cooldownTime>
        <linkedBodyPartsGroup>RightHand</linkedBodyPartsGroup>
        <surpriseAttack>
          <extraMeleeDamages>
            <li>
              <def>Stun</def>
              <amount>18</amount>
            </li>
          </extraMeleeDamages>
        </surpriseAttack>
      </li>
      <li>
        <label>head</label>
        <capacities>
          <li>Blunt</li>
        </capacities>
        <power>3</power>
        <cooldownTime>1.6</cooldownTime>
        <linkedBodyPartsGroup>HeadAttackTool</linkedBodyPartsGroup>
        <chanceFactor>0.2</chanceFactor>
      </li>
    </tools>
    <race>
      <thinkTreeMain>Humanlike</thinkTreeMain>
      <thinkTreeConstant>HumanlikeConstant</thinkTreeConstant>
      <intelligence>Humanlike</intelligence>
      <makesFootprints>true</makesFootprints>
      <lifeExpectancy>155</lifeExpectancy>
      <useLeatherFrom>Human</useLeatherFrom>
      <nameGenerator>NamerRomulanMale</nameGenerator>
      <nameGeneratorFemale>NamerRomulanFemale</nameGeneratorFemale>
      <body>Romulan</body>	
      <bloodDef>FilthBloodRomulan</bloodDef>
      <useMeatFrom>Human</useMeatFrom>
      <baseBodySize>1</baseBodySize>
      <baseHealthScale>1</baseHealthScale>
      <foodType>OmnivoreHuman</foodType>
      <gestationPeriodDays>45</gestationPeriodDays>
      <litterSizeCurve>
        <points>
          <li>(0.5, 0)</li>
          <li>(1, 1)</li>
          <li>(1.01, 0.02)</li>
          <li>(3.5, 0)</li>
        </points>
      </litterSizeCurve>
      <lifeStageAges>
        <li>
          <def>HumanlikeBaby</def>
          <minAge>0</minAge>
        </li>
        <li>
          <def>HumanlikeToddler</def>
          <minAge>4</minAge>
        </li>
        <li>
          <def>HumanlikeChild</def>
          <minAge>6</minAge>
        </li>
        <li>
          <def>HumanlikeTeenager</def>
          <minAge>13</minAge>
        </li>
        <li>
          <def>HumanlikeAdult</def>
          <minAge>21</minAge>
        </li>
      </lifeStageAges>
      <soundMeleeHitPawn>Pawn_Melee_Punch_HitPawn</soundMeleeHitPawn>
      <soundMeleeHitBuilding>Pawn_Melee_Punch_HitBuilding</soundMeleeHitBuilding>
      <soundMeleeMiss>Pawn_Melee_Punch_Miss</soundMeleeMiss>
      <specialShadowData>
        <volume>(0.3, 0.8, 0.4)</volume>
        <offset>(0,0,-0.3)</offset>
      </specialShadowData>
      <ageGenerationCurve>
        <points>
          <li>(14,0)</li>
          <li>(16,100)</li>
          <li>(50,100)</li>
          <li>(60,30)</li>
          <li>(70,18)</li>
          <li>(80,10)</li>
          <li>(90,3)</li>
          <li>(100,3)</li>
          <li>(120,3)</li>
          <li>(140,3)</li>
          <li>(150,0)</li>
        </points>
      </ageGenerationCurve>
    </race>
    <recipes>
      <li>InstallArchotechEye</li>
      <li>InstallArchotechArm</li>
      <li>InstallArchotechLeg</li>
      <li>InstallPowerClaw</li>
      <li>InstallBionicEye</li>
      <li>InstallBionicArm</li>
      <li>InstallBionicLeg</li>
      <li>InstallBionicSpine</li>
      <li>InstallBionicHeart</li>
      <li>InstallBionicStomach</li>
      <li>InstallBionicEar</li>
      <li>InstallSimpleProstheticArm</li>
      <li>InstallSimpleProstheticLeg</li>
      <li>InstallSimpleProstheticHeart</li>
      <li>InstallCochlearImplant</li>
      <li>InstallPegLeg</li>
      <li>InstallWoodenFoot</li>
      <li>InstallDenture</li>
      <li>InstallJoywire</li>
      <li>InstallPainstopper</li>
      <li>InstallNaturalHeart</li>
      <li>InstallNaturalLung</li>
      <li>InstallNaturalKidney</li>
      <li>InstallNaturalLiver</li>
      <li>ExciseCarcinoma</li>
      <li>AdministerMechSerumHealer</li>
      <li>RemoveBodyPart</li>
      <li>Euthanize</li>
      <li>Anesthetize</li>
    </recipes>
  </AlienRace.ThingDef_AlienRace>
  </Defs>