﻿<?xml version="1.0" encoding="utf-8" ?>
<Defs>

  <!-- ============================ Klingon Base ========================== -->

  <AlienRace.ThingDef_AlienRace ParentName="BasePawn" Name="Alien_Klingon">
  <defName>Alien_Klingon</defName>
    <label>klingon</label>
    <description>A member of the violent Klingon race. This race is most identifiable from the prominent cranial ridges and even more prominent combat skills.</description>
      <alienRace>
        <generalSettings>
        <humanRecipeImport>true</humanRecipeImport>
		<maleGenderProbability>.5</maleGenderProbability>
		<immuneToAge>false</immuneToAge>
	    <forcedRaceTraitEntries>
          <li>
             <defName>Brawler</defName>
             <chance>35</chance>
          </li>
           <li>
			<defName>Abrasive</defName>
			<chance>25</chance>
           </li>
           <li>
			<defName>Tough</defName>
			<chance>55</chance>
           </li>
           <li>
			<defName>Bloodlust</defName>
			<chance>15</chance>
           </li>
        </forcedRaceTraitEntries>
			<alienPartGenerator>
			    <aliencrowntypes>
					<li>Average_Normal</li>
					<li>Average_Pointy</li>
					<li>Narrow_Normal</li>
					<li>Narrow_Pointy</li>
				</aliencrowntypes>
				 <alienbodytypes>
				 <li>Thin</li>
				 <li>Fat</li>
				 <li>Hulk</li>
                </alienbodytypes>
				<useGenderedHeads>true</useGenderedHeads>
				<useGenderedBodies>false</useGenderedBodies>
				<alienskincolorgen Class="ColorGenerator_Options">
					<options>
						<li>
                        <weight>5</weight>
                        <only>RGB(111, 73, 52)</only>
                    </li>
                    <li>
                        <weight>5</weight>
                        <only>RGB(132, 84, 64)</only>
                    </li>
					 <li>
                        <weight>5</weight>
                        <only>RGB(104, 71, 52)</only>
                    </li>
					<li>
                        <weight>5</weight>
                        <only>RGB(171, 122, 92)</only>
                    </li>
					<li>
                        <weight>5</weight>
                        <only>RGB(158, 105, 71)</only>
                    </li>
					</options>
				</alienskincolorgen>
				<alienhaircolorgen Class="ColorGenerator_Options">
                    <options>
					 <li>
                        <weight>5</weight>
                        <only>RGB(13, 13, 13)</only>
                    </li>
					<li>
                        <weight>5</weight>
                        <only>RGB(102, 51, 0)</only>
                    </li>
					<li>
                        <weight>5</weight>
                        <only>RGB(55, 42, 34)</only>
                    </li>
                    </options>
            </alienhaircolorgen>
			<useSkincolorForHair>false</useSkincolorForHair>
			</alienPartGenerator>
			<chemicalSettings>	
		    </chemicalSettings>
			</generalSettings>
			<graphicPaths>
                <li>
				<head>Things/Races/Klingon/Head/</head>
				<body>Things/Races/Klingon/Body/</body>
                </li>	
            </graphicPaths>
        <hairSettings>
            <hasHair>true</hasHair>
			<getsGreyAt>55</getsGreyAt>
			<hairTags>
			<li>Urban</li>
			<li>Punk</li>
			</hairTags>
        </hairSettings>
			<thoughtSettings>
				<cannotReceiveThoughts>
				</cannotReceiveThoughts>
			</thoughtSettings>
			<relationSettings>
			<relationChanceModifierChild>1</relationChanceModifierChild>
            <relationChanceModifierExLover>2</relationChanceModifierExLover>
            <relationChanceModifierExSpouse>1</relationChanceModifierExSpouse>
            <relationChanceModifierFiance>1</relationChanceModifierFiance>
            <relationChanceModifierLover>2</relationChanceModifierLover>
            <relationChanceModifierParent>1</relationChanceModifierParent>
            <relationChanceModifierSibling>3</relationChanceModifierSibling>
            <relationChanceModifierSpouse>1</relationChanceModifierSpouse>
			</relationSettings>
    </alienRace>
  
    <statBases>
      <MarketValue>2000</MarketValue>
      <MoveSpeed>4.62</MoveSpeed>
      <Flammability>1.0</Flammability>
      <ComfyTemperatureMin>4</ComfyTemperatureMin>
      <ComfyTemperatureMax>35</ComfyTemperatureMax>
      <LeatherAmount>40</LeatherAmount>
    </statBases>
    <tools>
      <li>
        <label>left fist</label>
        <capacities>
          <li>Blunt</li>
        </capacities>
        <power>7</power>
        <cooldownTime>1.5</cooldownTime>
        <linkedBodyPartsGroup>LeftHand</linkedBodyPartsGroup>
        <surpriseAttack>
          <extraMeleeDamages>
            <li>
              <def>Stun</def>
              <amount>18</amount>
            </li>
          </extraMeleeDamages>
        </surpriseAttack>
      </li>
      <li>
        <label>right fist</label>
        <capacities>
          <li>Blunt</li>
        </capacities>
        <power>7</power>
        <cooldownTime>1.5</cooldownTime>
        <linkedBodyPartsGroup>RightHand</linkedBodyPartsGroup>
        <surpriseAttack>
          <extraMeleeDamages>
            <li>
              <def>Stun</def>
              <amount>18</amount>
            </li>
          </extraMeleeDamages>
        </surpriseAttack>
      </li>
      <li>
        <label>head</label>
        <capacities>
          <li>Blunt</li>
        </capacities>
        <power>3</power>
        <cooldownTime>1.6</cooldownTime>
        <linkedBodyPartsGroup>HeadAttackTool</linkedBodyPartsGroup>
        <chanceFactor>0.4</chanceFactor>
      </li>
    </tools>
    <race>
      <thinkTreeMain>Humanlike</thinkTreeMain>
      <thinkTreeConstant>HumanlikeConstant</thinkTreeConstant>
      <intelligence>Humanlike</intelligence>
      <makesFootprints>true</makesFootprints>
      <lifeExpectancy>120</lifeExpectancy>
      <useLeatherFrom>Human</useLeatherFrom>
      <nameGenerator>NamerKlingonMale</nameGenerator>
      <nameGeneratorFemale>NamerKlingonFemale</nameGeneratorFemale>
      <body>Klingon</body>	
      <useMeatFrom>Human</useMeatFrom>
      <baseBodySize>1</baseBodySize>
      <baseHealthScale>1</baseHealthScale>
      <foodType>OmnivoreHuman</foodType>
      <gestationPeriodDays>45</gestationPeriodDays>
      <litterSizeCurve>
        <points>
          <li>(0.5, 0)</li>
          <li>(1, 1)</li>
          <li>(1.01, 0.02)</li>
          <li>(3.5, 0)</li>
        </points>
      </litterSizeCurve>
      <lifeStageAges>
        <li>
          <def>HumanlikeBaby</def>
          <minAge>0</minAge>
        </li>
        <li>
          <def>HumanlikeToddler</def>
          <minAge>2</minAge>
        </li>
        <li>
          <def>HumanlikeChild</def>
          <minAge>4</minAge>
        </li>
        <li>
          <def>HumanlikeTeenager</def>
          <minAge>13</minAge>
        </li>
        <li>
          <def>HumanlikeAdult</def>
          <minAge>18</minAge>
        </li>
      </lifeStageAges>
      <soundMeleeHitPawn>Pawn_Melee_Punch_HitPawn</soundMeleeHitPawn>
      <soundMeleeHitBuilding>Pawn_Melee_Punch_HitBuilding</soundMeleeHitBuilding>
      <soundMeleeMiss>Pawn_Melee_Punch_Miss</soundMeleeMiss>
      <specialShadowData>
        <volume>(0.3, 0.8, 0.4)</volume>
        <offset>(0,0,-0.3)</offset>
      </specialShadowData>
      <ageGenerationCurve>
        <points>
          <li>(14,0)</li>
          <li>(16,100)</li>
          <li>(50,100)</li>
          <li>(60,30)</li>
          <li>(70,18)</li>
          <li>(80,10)</li>
          <li>(90,3)</li>
          <li>(100,0)</li>
        </points>
      </ageGenerationCurve>
    </race>
    <recipes>
      <li>InstallArchotechEye</li>
      <li>InstallArchotechArm</li>
      <li>InstallArchotechLeg</li>
      <li>InstallPowerClaw</li>
      <li>InstallBionicEye</li>
      <li>InstallBionicArm</li>
      <li>InstallBionicLeg</li>
      <li>InstallBionicSpine</li>
      <li>InstallBionicHeart</li>
      <li>InstallBionicStomach</li>
      <li>InstallBionicEar</li>
      <li>InstallSimpleProstheticArm</li>
      <li>InstallSimpleProstheticLeg</li>
      <li>InstallSimpleProstheticHeart</li>
      <li>InstallCochlearImplant</li>
      <li>InstallPegLeg</li>
      <li>InstallWoodenFoot</li>
      <li>InstallDenture</li>
      <li>InstallJoywire</li>
      <li>InstallPainstopper</li>
      <li>InstallNaturalHeart</li>
      <li>InstallNaturalLung</li>
      <li>InstallNaturalKidney</li>
      <li>InstallNaturalLiver</li>
      <li>ExciseCarcinoma</li>
      <li>AdministerMechSerumHealer</li>
      <li>RemoveBodyPart</li>
      <li>Euthanize</li>
      <li>Anesthetize</li>
    </recipes>
  </AlienRace.ThingDef_AlienRace>
  </Defs>