<?xml version="1.0" encoding="utf-8" ?>
<Defs>


 <ThingDef ParentName="LeatherBase">
    <defName>tribble_fur</defName>
    <label>tribble fur</label>
    <description>A soft furry pelt harvested from a tiny tribble. It insulates well against heat.</description>
    <graphicData>
      <color>(60,60,60)</color>
    </graphicData>
    <statBases>
      <MarketValue>3.0</MarketValue>
      <StuffPower_Insulation_Heat>24</StuffPower_Insulation_Heat>
    </statBases>
    <stuffProps>
      <color>(60,60,60)</color>
      <commonality>0.075</commonality>
    </stuffProps>
  </ThingDef>
  
  
  </Defs>