<?xml version="1.0" encoding="utf-8" ?>
<Defs>

  <TraitDef>
    <defName>Race_Trill</defName>
    <commonality>0.1</commonality>
    <degreeDatas>
      <li>
        <label>Unjoined Trill</label>
        <description>This person is an unjoined Trill</description>
		<degree>1</degree>
		<statOffsets>
        <WorkSpeedGlobal>0.05</WorkSpeedGlobal>
		<ComfyTemperatureMin>-8</ComfyTemperatureMin>
		<ComfyTemperatureMax>+8</ComfyTemperatureMax>
		</statOffsets>
      </li>
      <li>
        <label>Joined Trill</label>
        <description>This person is a joined Trill.</description>
		<degree>2</degree>
		<statOffsets>
        <WorkSpeedGlobal>0.20</WorkSpeedGlobal>
		<ResearchSpeed>0.30</ResearchSpeed>
		<ComfyTemperatureMin>-8</ComfyTemperatureMin>
		<ComfyTemperatureMax>+8</ComfyTemperatureMax>
		</statOffsets>
      </li>
    </degreeDatas>
  </TraitDef>
		  
  <TraitDef>
    <defName>Race_Andorian</defName>
    <commonality>0.1</commonality>
    <degreeDatas>
      <li>
        <label>Andorian</label>
        <description>This person is an Andorian.</description>
		<degree>1</degree>
		<statOffsets>
        <WorkSpeedGlobal>0.05</WorkSpeedGlobal>
		<ComfyTemperatureMin>-10</ComfyTemperatureMin>
		<MeleeDodgeChance>5</MeleeDodgeChance>
		<MeleeHitChance>5</MeleeHitChance>
		</statOffsets>
      </li>
    </degreeDatas>
  </TraitDef>
  
  <TraitDef>
    <defName>Race_Betazoid</defName>
    <commonality>0.1</commonality>
    <degreeDatas>
      <li>
        <label>Betazoid</label>
        <description>This person is a Betazoid.</description>
		<degree>1</degree>
		<statOffsets>
        <WorkSpeedGlobal>0.05</WorkSpeedGlobal>
		<PsychicSensitivity>0.40</PsychicSensitivity>
		<SocialImpact>0.30</SocialImpact>
		<TameAnimalChance>-0.15</TameAnimalChance>
		<TrainAnimalChance>-0.15</TrainAnimalChance>
		</statOffsets>
      </li>
    </degreeDatas>
  </TraitDef>
		  
  <TraitDef>
    <defName>Race_Orion</defName>
    <commonality>0.1</commonality>
    <degreeDatas>
      <li>
        <label>Orion</label>
        <description>This person is a Orion.</description>
		<degree>1</degree>
		<statOffsets>
        <WorkSpeedGlobal>0.05</WorkSpeedGlobal>
		<SocialImpact>0.25</SocialImpact>
		<NegotiationAbility>0.25</NegotiationAbility>
		<TradePriceImprovement>-0.10</TradePriceImprovement>
		</statOffsets>
      </li>
    </degreeDatas>
  </TraitDef>
  
  <TraitDef>
    <defName>Race_Klingon</defName>
    <commonality>0.1</commonality>
    <degreeDatas>
      <li>
        <label>Klingon</label>
        <description>This person is a Klingon.</description>
		<degree>1</degree>
		<statOffsets>
        <WorkSpeedGlobal>0.05</WorkSpeedGlobal>
		<SocialImpact>-0.05</SocialImpact>
		<NegotiationAbility>-0.05</NegotiationAbility>
		<CarryingCapacity>20</CarryingCapacity>
		<MeleeDodgeChance>10</MeleeDodgeChance>
		<MeleeHitChance>10</MeleeHitChance>
		</statOffsets>
      </li>
    </degreeDatas>
  </TraitDef>
  
  <TraitDef>
    <defName>Race_Vulcan</defName>
    <commonality>0.1</commonality>
    <degreeDatas>
      <li>
        <label>Vulcan</label>
        <description>This person is a Vulcan.</description>
		<degree>1</degree>
		<statOffsets>
        <WorkSpeedGlobal>0.15</WorkSpeedGlobal>
		<PsychicSensitivity>0.30</PsychicSensitivity>
		<ResearchSpeed>0.20</ResearchSpeed>
		<MeleeDodgeChance>5</MeleeDodgeChance>
		<MeleeHitChance>5</MeleeHitChance>
		</statOffsets>
      </li>
    </degreeDatas>
  </TraitDef>
  
  <TraitDef>
    <defName>Race_Romulan</defName>
    <commonality>0.1</commonality>
    <degreeDatas>
      <li>
        <label>Romulan</label>
        <description>This person is a Romulan.</description>
		<degree>1</degree>
		<statOffsets>
        <WorkSpeedGlobal>0.10</WorkSpeedGlobal>
		<SocialImpact>-0.05</SocialImpact>
		<NegotiationAbility>-0.05</NegotiationAbility>
		<MeleeDodgeChance>5</MeleeDodgeChance>
		<MeleeHitChance>5</MeleeHitChance>
		</statOffsets>
      </li>
    </degreeDatas>
  </TraitDef>
  
</Defs>
