﻿<?xml version="1.0" encoding="utf-8" ?>
<Defs>

  <FactionDef>
		<defName>Pantoran</defName>
		<label>Pantoran Assembly</label>
    <description>The Pantoran Assembly is a democratic institution that governed Pantora, the principal moon of the Pantora system and the homeworld of the Pantorans. It was overseen by an elected chairman.</description>
    <pawnsPlural>Pantorans</pawnsPlural>
	<fixedName>Pantoran</fixedName>
    <settlementGenerationWeight>1</settlementGenerationWeight>
    <requiredCountAtGameStart>1</requiredCountAtGameStart>
    <canMakeRandomly>false</canMakeRandomly>
    <canSiege>false</canSiege>
    <canStageAttacks>true</canStageAttacks>
    <leaderTitle>Governor</leaderTitle>
    <colorSpectrum>
      <li>RGB(240,238,120)</li>
    </colorSpectrum>
    <startingGoodwill>
      <min>0</min>
      <max>40</max>
    </startingGoodwill>
    <pawnNameMaker>NamerPantoranUtility</pawnNameMaker>
	<settlementNameMaker>NamerSettlementSW</settlementNameMaker>
	<techLevel>Ultra</techLevel>
	<backstoryCategories><li>Pantoran</li></backstoryCategories>
	<hairTags>
			<li>Urban</li>
			<li>Punk</li>
			<li>Rural</li>
			<li>Tribal</li>
			<li>Pantoran</li>
	</hairTags>
    <naturalColonyGoodwill>
      <min>-60</min>
      <max>0</max>
    </naturalColonyGoodwill>
    <visitorTraderKinds>
      <li>Visitor_Pantoran_Standard</li>
    </visitorTraderKinds>
   <caravanTraderKinds>
      <li>Caravan_Outlander_BulkGoods</li>
      <li>Caravan_Outlander_CombatSupplier</li>
      <li>Caravan_Outlander_Exotic</li>
    </caravanTraderKinds>
    <baseTraderKinds>
      <li>Base_Outlander_Standard</li>
    </baseTraderKinds>
    <allowedArrivalTemperatureRange>
      <min>-50</min>
      <max>50</max>
    </allowedArrivalTemperatureRange>
	<maxPawnCostPerTotalPointsCurve>
      <points>
        <li>(0,35)</li>
        <li>(70, 50)</li>
        <li>(700, 100)</li>
        <li>(1300, 150)</li>
        <li>(100000, 10000)</li>
      </points>
    </maxPawnCostPerTotalPointsCurve>
    <pawnGroupMakers>
      <li>
        <kindDef>Peaceful</kindDef>
        <options>
          <PantoranGuard>5</PantoranGuard>
          <PantoranSoldier>10</PantoranSoldier>
          <PantoranColonist>10</PantoranColonist>
          <PantoranRuler>1</PantoranRuler>
          <PantoranRecruit>5</PantoranRecruit>
        </options>
      </li>
	  <li>
      <kindDef>Trader</kindDef>
        <traders>
          <PantoranTrader>1</PantoranTrader>
        </traders>
        <carriers>
          <Muffalo>4</Muffalo>
        </carriers>
        <guards>
          <PantoranGuard>9</PantoranGuard>
          <PantoranRecruit>1</PantoranRecruit>
          <PantoranSoldier>5</PantoranSoldier>
          <PantoranColonist>2</PantoranColonist>
        </guards>
      </li>
	  <li>
        <kindDef>Combat</kindDef>
        <options>
          <PantoranColonist>1</PantoranColonist>
          <PantoranSoldier>8</PantoranSoldier>
          <PantoranRuler>1</PantoranRuler>
          <PantoranRecruit>1</PantoranRecruit>
          <PantoranGuard>5</PantoranGuard>
        </options>
      </li>
	  <li>
        <kindDef>Settlement</kindDef>
        <options>
          <PantoranColonist>1</PantoranColonist>
          <PantoranSoldier>8</PantoranSoldier>
          <PantoranRuler>1</PantoranRuler>
          <PantoranRecruit>1</PantoranRecruit>
          <PantoranGuard>5</PantoranGuard>
        </options>
      </li>
    </pawnGroupMakers>
    <factionIconPath>World/WorldObjects/FactionLogos/PantoranFactionBase</factionIconPath>
    <settlementTexturePath>World/WorldObjects/FactionLogos/PantoranFactionBase</settlementTexturePath>
	<apparelStuffFilter>
		<thingDefs>
			<li>Hyperweave</li>
		</thingDefs>
	</apparelStuffFilter>
  </FactionDef>

</Defs>