﻿<?xml version="1.0" encoding="utf-8" ?>
<Defs>

  <FactionDef Abstract="True" Name="PantoranFactionBase">
    <colorSpectrum>
      <li>(0.0, 1, 0, 0)</li>
    </colorSpectrum>
  </FactionDef>
  
  <FactionDef Parent="PantoranFactionBase">
    <defName>PantoranPlayerColony</defName>
    <label>Pantoran</label>
    <description>Your own community.</description>
    <isPlayer>true</isPlayer>
    <basicMemberKind>Pantoran</basicMemberKind>
    <pawnsPlural>Colonists</pawnsPlural>
	<pawnNameMaker>NamerPantoranUtility</pawnNameMaker>
    <techLevel>Ultra</techLevel>
    <backstoryCategories><li>Pantoran</li></backstoryCategories>
    <factionIconPath>World/WorldObjects/FactionLogos/PantoranFactionBase</factionIconPath>
    <settlementTexturePath>World/WorldObjects/FactionLogos/PantoranFactionBase</settlementTexturePath>
	    <playerInitialSettlementNameMaker>NamerInitialSettlementColony</playerInitialSettlementNameMaker>
		<factionNameMaker>NamerFactionOutlander</factionNameMaker>
		<settlementNameMaker>NamerSettlementOutlander</settlementNameMaker>
    <startingResearchTags>
      <li>ClassicStart</li>
    </startingResearchTags>
    <hairTags>
	  <li>Urban</li>
	  <li>Punk</li>
	  <li>Rural</li>
	  <li>Tribal</li>
	</hairTags>
    <apparelStuffFilter>
      <thingDefs>
        <li>Synthread</li>
      </thingDefs>
    </apparelStuffFilter>

  </FactionDef>

</Defs>