<?xml version="1.0" encoding="utf-8" ?>
<Defs>
 <!--Food-->
    <RecipeDef>
    <defName>ReplicateFoodSup1</defName>
    <label>Emergency food supplement</label>
    <description>replicate  emergency food supplement one.</description>
    <jobString>Humming a tune.</jobString>
    <workSpeedStat>CookSpeed</workSpeedStat>
    <effectWorking>Cook</effectWorking>
    <soundWorking>Replicatorsound</soundWorking>
    <allowMixingIngredients>true</allowMixingIngredients>
    <workAmount>100</workAmount>
    <targetCountAdjustment>1</targetCountAdjustment>
    <ingredients>
      <li>
        <filter>
          <thingDefs>
            <li>Silver</li>
          </thingDefs>
        </filter>
        <count>15</count>
      </li>
    </ingredients>
    <products>
      <Pemmican>50</Pemmican>
    </products>
    <fixedIngredientFilter>
      <thingDefs>
        <li>Silver</li>
      </thingDefs>
    </fixedIngredientFilter>
    <workSkill>Cooking</workSkill>
    <researchPrerequisite>Pemmican</researchPrerequisite>
  </RecipeDef>
  
  
    <RecipeDef ParentName="CookMealBase">
    <defName>ReplicateFoodSup2</defName>
    <label>Emergency food supplement two</label>
    <description>replicate  emergency food supplement two.</description>
    <jobString>Humming a tune.</jobString>
    <workSpeedStat>CookSpeed</workSpeedStat>
    <effectWorking>Cook</effectWorking>
    <soundWorking>Replicatorsound</soundWorking>
    <allowMixingIngredients>true</allowMixingIngredients>
    <workAmount>200</workAmount>
    <targetCountAdjustment>1</targetCountAdjustment>
    <ingredients>
      <li>
        <filter>
          <thingDefs>
            <li>Silver</li>
          </thingDefs>
        </filter>
        <count>20</count>
      </li>
    </ingredients>
    <products>
      <MealSimple>10</MealSimple>
    </products>
    <fixedIngredientFilter>
      <thingDefs>
        <li>Silver</li>
      </thingDefs>
    </fixedIngredientFilter>
    <workSkill>Cooking</workSkill>
  </RecipeDef>
  
	<RecipeDef ParentName="CookMealBase"> 
    <defName>ReplicateFoodSup3</defName>
    <label>Emergency food supplement three</label>
    <description>replicate  emergency food supplement three.</description>
    <jobString>Humming a tune.</jobString>
    <workSpeedStat>CookSpeed</workSpeedStat>
    <effectWorking>Cook</effectWorking>
    <soundWorking>Replicatorsound</soundWorking>
    <allowMixingIngredients>true</allowMixingIngredients>
    <workAmount>300</workAmount>
    <targetCountAdjustment>1</targetCountAdjustment>
    <ingredients>
      <li>
        <filter>
          <thingDefs>
            <li>Silver</li>
          </thingDefs>
        </filter>
        <count>20</count>
      </li>
    </ingredients>
    <products>
      <MealFine>10</MealFine>
    </products>
    <fixedIngredientFilter>
      <thingDefs>
        <li>Silver</li>
      </thingDefs>
    </fixedIngredientFilter>
    <workSkill>Cooking</workSkill>
  </RecipeDef>

<!--Materials-->

	<RecipeDef Name="ReplicateStoneBlocks" Abstract="True">
		<jobString>Replicating stone blocks from chunk.</jobString>
		<workAmount>800</workAmount>
    <workSpeedStat>UnskilledLaborSpeed</workSpeedStat>
		<effectWorking>CutStone</effectWorking>
		<soundWorking>Replicatorsound</soundWorking>
		<targetCountAdjustment>20</targetCountAdjustment>
	</RecipeDef>

	<RecipeDef ParentName="ReplicateStoneBlocks">
		<defName>Replicate_StoneBlocksAny</defName>
		<label>replicate stone blocks</label>
		<description>Replicate rock chunks into usable stone blocks.</description>
		<workerCounterClass>RecipeWorkerCounter_MakeStoneBlocks</workerCounterClass>
		<ingredients>
			<li>
				<filter>
					<categories>
						<li>StoneChunks</li>
					</categories>
				</filter>
				<count>1</count>
			</li>
		</ingredients>
		<fixedIngredientFilter>
			<categories>
				<li>StoneChunks</li>
			</categories>
		</fixedIngredientFilter>
		<specialProducts>
			<li>Butchery</li>
		</specialProducts>
	</RecipeDef>
	
      <RecipeDef>
    <defName>ReplicateSteel</defName>
    <label>Emergency steel</label>
    <description>replicate  steel.</description>
    <jobString>Humming a tune.</jobString>
    <workSpeedStat>UnskilledLaborSpeed</workSpeedStat>
    <effectWorking>CutStone</effectWorking>
    <soundWorking>Replicatorsound</soundWorking>
    <allowMixingIngredients>false</allowMixingIngredients>
    <workAmount>150</workAmount>
    <targetCountAdjustment>1</targetCountAdjustment>
    <ingredients>
      <li>
        <filter>
          <thingDefs>
            <li>Silver</li>
          </thingDefs>
        </filter>
        <count>12</count>
      </li>
    </ingredients>
    <products>
      <Steel>50</Steel>
    </products>
    <fixedIngredientFilter>
      <thingDefs>
        <li>Silver</li>
      </thingDefs>
    </fixedIngredientFilter>
    <workSkill>Cooking</workSkill>
  </RecipeDef>

<!--Weapons-->
      <RecipeDef>
    <defName>ReplicatePhaser2</defName>
    <label>Emergency weapon.</label>
    <description>replicate  type 2 phaser.</description>
    <jobString>Humming a tune.</jobString>
    <workSpeedStat>UnskilledLaborSpeed</workSpeedStat>
    <effectWorking>CutStone</effectWorking>
    <soundWorking>Replicatorsound</soundWorking>
    <allowMixingIngredients>false</allowMixingIngredients>
    <workAmount>500</workAmount>
    <targetCountAdjustment>1</targetCountAdjustment>
    <ingredients>
      <li>
        <filter>
          <thingDefs>
            <li>Silver</li>
          </thingDefs>
        </filter>
        <count>20</count>
      </li>
    </ingredients>
    <products>
      <Phaser_TypeTwo>1</Phaser_TypeTwo>
    </products>
    <fixedIngredientFilter>
      <thingDefs>
        <li>Silver</li>
      </thingDefs>
    </fixedIngredientFilter>
    <workSkill>Cooking</workSkill>
  </RecipeDef>

</Defs>