﻿<?xml version="1.0" encoding="utf-8" ?>
<Defs>

  <ThingDef ParentName="ResourceBase">
    <defName>ST_Dilithium</defName>
    <label>refined dilithium</label>
    <description>These precious crystals are mainly used to power warp engines, but with a bit of adjusting, they can be used to power industrial replicators.</description>
    <graphicData>
      <texPath>Things/Item/Resource/Silver</texPath>
      <graphicClass>Graphic_StackCount</graphicClass>
    </graphicData>
    <resourceReadoutPriority>First</resourceReadoutPriority>
    <soundInteract>Silver_Drop</soundInteract>
    <soundDrop>Silver_Drop</soundDrop>
    <useHitPoints>false</useHitPoints>
    <resourceReadoutAlwaysShow>true</resourceReadoutAlwaysShow>
    <statBases>
      <MarketValue>1</MarketValue>
      <Mass>0.008</Mass>
      <StuffPower_Armor_Sharp>0.72</StuffPower_Armor_Sharp>
      <StuffPower_Armor_Blunt>0.36</StuffPower_Armor_Blunt>
      <StuffPower_Armor_Heat>0.36</StuffPower_Armor_Heat>
      <StuffPower_Insulation_Cold>3</StuffPower_Insulation_Cold>
      <StuffPower_Insulation_Heat>0</StuffPower_Insulation_Heat>
      <SharpDamageMultiplier>0.85</SharpDamageMultiplier>
      <BluntDamageMultiplier>1.0</BluntDamageMultiplier>
    </statBases>
    <thingCategories>
      <li>ResourcesRaw</li>
    </thingCategories>
    <stackLimit>500</stackLimit>
    <smallVolume>true</smallVolume>
    <deepCommonality>0.5</deepCommonality>
    <deepCountPerPortion>40</deepCountPerPortion>
    <deepLumpSizeRange>
      <min>2</min>
      <max>10</max>
    </deepLumpSizeRange>
    <stuffProps>
      <categories>
        <li>Metallic</li>
      </categories>
      <color>(192, 95, 198)</color>
      <commonality>0.05</commonality>
      <constructEffect>ConstructMetal</constructEffect>
      <soundImpactStuff>BulletImpact_Metal</soundImpactStuff>
      <soundMeleeHitSharp>MeleeHit_Metal_Sharp</soundMeleeHitSharp>
      <soundMeleeHitBlunt>MeleeHit_Metal_Blunt</soundMeleeHitBlunt>
      <statOffsets>
        <Beauty>6</Beauty>
      </statOffsets>
      <statFactors>
        <MaxHitPoints>0.7</MaxHitPoints>
        <Flammability>0.4</Flammability>
        <Beauty>2</Beauty>
      </statFactors>
      <smeltable>true</smeltable>
    </stuffProps>
  </ThingDef>


</Defs>