﻿<?xml version="1.0" encoding="utf-8" ?>
<Defs>

  <JoyGiverDef>
    <defName>PracticeFencing</defName>
    <giverClass>JoyGiver_InteractBuildingSitAdjacent</giverClass>
    <baseChance>2.3</baseChance>
    <thingDefs>
      <li>FencingFoil</li>
    </thingDefs>
    <jobDef>PracticeFencingJ</jobDef>
    <desireSit>false</desireSit>
    <joyKind>Gaming_Dexterity</joyKind>
    <requiredCapacities>
      <li>Sight</li>
      <li>Manipulation</li>
    </requiredCapacities>
  </JoyGiverDef>

  
    <JobDef>
    <defName>PracticeFencingJ</defName>
    <driverClass>JobDriver_SitFacingBuilding</driverClass>
    <reportString>.</reportString>
    <joyDuration>4000</joyDuration>
    <joyMaxParticipants>2</joyMaxParticipants>
    <joyGainRate>2</joyGainRate>
    <joySkill>Intellectual</joySkill>
    <joyXpPerTick>0.003</joyXpPerTick>
    <joyKind>Gaming_Dexterity</joyKind>
  </JobDef>


 <JoyGiverDef>
    <defName>ResearchInformation</defName>
    <giverClass>JoyGiver_WatchBuilding</giverClass>
    <baseChance>2.3</baseChance>
    <thingDefs>
      <li>Padd</li>
    </thingDefs>
    <jobDef>ResearchInformationJ</jobDef>
    <desireSit>true</desireSit>
    <joyKind>Gaming_Cerebral</joyKind>
    <requiredCapacities>
      <li>Sight</li>
      <li>Manipulation</li>
    </requiredCapacities>
  </JoyGiverDef>
  
    <JobDef>
    <defName>ResearchInformationJ</defName>
    <driverClass>JobDriver_SitFacingBuilding</driverClass>
    <reportString>.</reportString>
    <joyDuration>4000</joyDuration>
    <joyMaxParticipants>1</joyMaxParticipants>
    <joyGainRate>2</joyGainRate>
    <joySkill>Intellectual</joySkill>
    <joyXpPerTick>0.004</joyXpPerTick>
    <joyKind>Gaming_Cerebral</joyKind>
  </JobDef>
  
</Defs>