﻿<?xml version="1.0" encoding="utf-8" ?>
<Defs>

  <!-- ============================ Orion Base ========================== -->

  <PawnKindDef Name="OrionBase" Abstract="True">
    <defaultFactionType>Orion</defaultFactionType>
    <race>Alien_Orion</race>
    <chemicalAddictionChance>0.035</chemicalAddictionChance>
    <baseRecruitDifficulty>0.70</baseRecruitDifficulty>
    <backstoryCategories>
		<li>Orion</li>
		<li>Human</li>
	</backstoryCategories>
    <apparelAllowHeadgearChance>0.5</apparelAllowHeadgearChance>
    <apparelTags>
      <li>IndustrialBasic</li>
      <li>IndustrialAdvanced</li>
      <li>IndustrialMilitaryBasic</li>
      <li>IndustrialMilitaryAdvanced</li>
      <li>SpacerMilitary</li>
      <li>BeltDefensePop</li>
    </apparelTags>
  </PawnKindDef>
  
  <!-- ============================ Orion Civilian Base ========================== -->

  <PawnKindDef Name="OrionCivBase" ParentName="OrionBase" Abstract="True">
    <combatPower>25</combatPower>
    <itemQuality>Poor</itemQuality>
    <isFighter>false</isFighter>
    <gearHealthRange>
      <min>0.2</min>
      <max>2.0</max>
    </gearHealthRange>
    <apparelMoney>
      <min>300</min>
      <max>900</max>
    </apparelMoney>
	<backstoryCategories>
		<li>Orion</li>
	</backstoryCategories>
    <weaponMoney>
      <min>0</min>
      <max>250</max>
    </weaponMoney>
    <weaponTags>
      <li>Gun</li>
      <li>NonNeolithicOnlyMelee</li>
    </weaponTags>
    <techHediffsMoney>
      <min>200</min>
      <max>300</max>
    </techHediffsMoney>
    <techHediffsTags>
      <li>Simple</li>
    </techHediffsTags>
    <techHediffsChance>0.001</techHediffsChance>
    <invNutrition>2.55</invNutrition>
    <inventoryOptions>
      <skipChance>0.75</skipChance>
      <subOptionsChooseOne>
        <li>
          <choiceChance>90</choiceChance>
          <thingDef>Silver</thingDef>
          <countRange>
            <min>25</min>
            <max>70</max>
          </countRange>
        </li>
        <li>
          <choiceChance>10</choiceChance>
          <thingDef>Silver</thingDef>
          <countRange>
            <min>700</min>
            <max>1000</max>
          </countRange>
        </li>
      </subOptionsChooseOne>
    </inventoryOptions>
  </PawnKindDef>
  
  <!-- ============================ Orion Civilians ========================== -->
  
     <PawnKindDef ParentName="AndorianCivBase">
    <defName>OrionRefugee</defName>
    <label>Refugee</label>
    <race>Alien_Orion</race>
	<backstoryCategories>
		<li>Orion</li>
	</backstoryCategories>
	<weaponMoney>
      <min>0</min>
      <max>0</max>
    </weaponMoney>
  </PawnKindDef>
  
    <PawnKindDef ParentName="AndorianCivBase">
    <defName>OrionSlave</defName>
    <label>Slave</label>
    <race>Alien_Orion</race>
	<backstoryCategories>
		<li>Orion</li>
	</backstoryCategories>
	<weaponMoney>
      <min>0</min>
      <max>0</max>
    </weaponMoney>
  </PawnKindDef>
  
  <PawnKindDef ParentName="OrionCivBase">
    <defName>OrionColonist</defName>
    <label>colonist</label>
    <race>Alien_Orion</race>
	<backstoryCategories>
		<li>Orion</li>
	</backstoryCategories>
	<weaponMoney>
      <min>0</min>
      <max>0</max>
    </weaponMoney>
  </PawnKindDef>

  <PawnKindDef ParentName="OrionCivBase">
    <defName>OrionRuler</defName>
    <race>Alien_Orion</race>
    <label>ruler</label>
    <labelPlural>rulers</labelPlural>
    <factionLeader>true</factionLeader>
    <minGenerationAge>50</minGenerationAge>
    <maxGenerationAge>90</maxGenerationAge>
	<weaponMoney>
      <min>200</min>
      <max>800</max>
    </weaponMoney>
	<backstoryCategories>
		<li>Orion</li>
	</backstoryCategories>
  </PawnKindDef>
  
  <PawnKindDef ParentName="OrionCivBase">
    <defName>OrionTrader</defName>
    <label>colony trader</label>
    <trader>true</trader>
    <race>Alien_Orion</race>
	<backstoryCategories>
		<li>Orion</li>
	</backstoryCategories>
	<weaponMoney>
      <min>200</min>
      <max>800</max>
    </weaponMoney>
  </PawnKindDef>
  
  <!-- ============================ Orion Security ========================== -->
  
  <PawnKindDef Name="OrionSecurityGuard" ParentName="OrionCivBase">
    <defName>OrionSecurityGuard</defName>
    <label>security guard</label>
    <race>Alien_Orion</race>
    <combatPower>50</combatPower>
    <maxGenerationAge>30</maxGenerationAge>
    <gearHealthRange>
      <min>0.5</min>
      <max>1.8</max>
    </gearHealthRange>
    <apparelMoney>
      <min>300</min>
      <max>900</max>
    </apparelMoney>
	<backstoryCategories>
		<li>OrionSoldier</li>
	</backstoryCategories>
    <weaponMoney>
      <min>200</min>
      <max>800</max>
    </weaponMoney>
    <weaponTags>
      <li>Gun</li>
    </weaponTags>
    <techHediffsMoney>
      <min>200</min>
      <max>500</max>
    </techHediffsMoney>
    <techHediffsTags>
      <li>Simple</li>
    </techHediffsTags>
    <techHediffsChance>0.001</techHediffsChance>
    <invNutrition>2.55</invNutrition>
    <inventoryOptions>
      <skipChance>0.95</skipChance>
      <thingDef>Silver</thingDef>
      <countRange>
        <min>30</min>
        <max>100</max>
      </countRange>
    </inventoryOptions>
  </PawnKindDef>
  
  <!-- ============================ Orion Military Base ========================== -->
  
  <PawnKindDef Name="OrionMilBase" ParentName="OrionBase" Abstract="True">
    <chemicalAddictionChance>0</chemicalAddictionChance>
    <isFighter>true</isFighter>
    <invNutrition>2.55</invNutrition>
    <itemQuality>Normal</itemQuality>
    <maxGenerationAge>30</maxGenerationAge>
    <gearHealthRange>
      <min>0.7</min>
      <max>2.3</max>
    </gearHealthRange>
    <apparelTags>
      <li>IndustrialBasic</li>
      <li>IndustrialAdvanced</li>
      <li>IndustrialMilitaryBasic</li>
      <li>IndustrialMilitaryAdvanced</li>
      <li>SpacerMilitary</li>
      <li>BeltDefensePop</li>
    </apparelTags>
    <apparelMoney>
      <min>1500</min>
      <max>2800</max>
    </apparelMoney>
	<backstoryCategories>
		<li>OrionSoldier</li>
	</backstoryCategories>
    <weaponMoney>
      <min>400</min>
      <max>1000</max>
    </weaponMoney>
    <weaponTags>
      <li>Gun</li>
    </weaponTags>
    <techHediffsMoney>
      <min>1000</min>
      <max>1500</max>
    </techHediffsMoney>
    <inventoryOptions>
      <skipChance>0.8</skipChance>
      <subOptionsChooseOne>
        <li>
          <thingDef>Silver</thingDef>
          <countRange>
            <min>50</min>
            <max>200</max>
          </countRange>
        </li>
        <li>
          <thingDef>MedicineIndustrial</thingDef>
          <countRange>
            <min>1</min>
            <max>1</max>
          </countRange>
        </li>
      </subOptionsChooseOne>
    </inventoryOptions>
  </PawnKindDef>
  
  <!-- ============================ Orion Military ========================== -->
  
  <PawnKindDef ParentName="OrionMilBase">
    <defName>OrionRecruit</defName>
    <label>recruit</label>
    <combatPower>70</combatPower>
    <race>Alien_Orion</race>
	<backstoryCategories>
		<li>Orion</li>
	</backstoryCategories>
  </PawnKindDef>
  
  <PawnKindDef Name="OrionHunter" ParentName="OrionMilBase">
    <defName>OrionHunter</defName>
    <label>hunter</label>
    <race>Alien_Orion</race>
    <combatPower>90</combatPower>
    <minGenerationAge>30</minGenerationAge>
    <gearHealthRange>
      <min>0.7</min>
      <max>2.3</max>
    </gearHealthRange>
   <apparelTags>
      <li>IndustrialBasic</li>
      <li>IndustrialAdvanced</li>
      <li>IndustrialMilitaryBasic</li>
      <li>IndustrialMilitaryAdvanced</li>
      <li>SpacerMilitary</li>
      <li>BeltDefensePop</li>
    </apparelTags>
    <apparelMoney>
      <min>1500</min>
      <max>2500</max>
    </apparelMoney>
	<backstoryCategories>
		<li>OrionSoldier</li>
	</backstoryCategories>
    <weaponMoney>
      <min>1200</min>
      <max>1800</max>
    </weaponMoney>
    <weaponTags>
      <li>SniperRifle</li>
    </weaponTags>
    <techHediffsMoney>
      <min>1000</min>
      <max>1500</max>
    </techHediffsMoney>
    <combatEnhancingDrugsCount>
      <min>0</min>
      <max>2</max>
    </combatEnhancingDrugsCount>
    <techHediffsTags>
      <li>Advanced</li>
    </techHediffsTags>
    <techHediffsChance>0.003</techHediffsChance>
    <inventoryOptions>
      <skipChance>0.8</skipChance>
      <subOptionsChooseOne>
        <li>
          <thingDef>Silver</thingDef>
          <countRange>
            <min>50</min>
            <max>200</max>
          </countRange>
        </li>
        <li>
          <thingDef>MedicineIndustrial</thingDef>
          <countRange>
            <min>1</min>
            <max>1</max>
          </countRange>
        </li>
      </subOptionsChooseOne>
    </inventoryOptions>
  </PawnKindDef>

  <PawnKindDef Name="OrionCommando" ParentName="OrionMilBase">
    <defName>OrionCommando</defName>
    <label>commando</label>
    <race>Alien_Orion</race>
    <combatPower>135</combatPower>
    <minGenerationAge>20</minGenerationAge>
    <gearHealthRange>
      <min>0.5</min>
      <max>2.3</max>
    </gearHealthRange>
    <apparelTags>
      <li>IndustrialBasic</li>
      <li>IndustrialAdvanced</li>
      <li>IndustrialMilitaryBasic</li>
      <li>IndustrialMilitaryAdvanced</li>
      <li>SpacerMilitary</li>
      <li>BeltDefensePop</li>
    </apparelTags>
    <apparelMoney>
      <min>1000</min>
      <max>2600</max>
    </apparelMoney>
	<backstoryCategories>
		<li>OrionSoldier</li>
	</backstoryCategories>
    <weaponMoney>
      <min>1200</min>
      <max>2000</max>
    </weaponMoney>
    <weaponTags>
      <li>Gun</li>
    </weaponTags>
    <techHediffsMoney>
      <min>2000</min>
      <max>3000</max>
    </techHediffsMoney>
    <combatEnhancingDrugsCount>
      <min>0</min>
      <max>2</max>
    </combatEnhancingDrugsCount>
    <techHediffsTags>
      <li>Advanced</li>
    </techHediffsTags>
    <techHediffsChance>0.08</techHediffsChance>
    <inventoryOptions>
      <skipChance>0.8</skipChance>
      <subOptionsChooseOne>
        <li>
          <thingDef>Silver</thingDef>
          <countRange>
            <min>180</min>
            <max>400</max>
          </countRange>
        </li>
        <li>
          <thingDef>MedicineIndustrial</thingDef>
          <countRange>
            <min>1</min>
            <max>2</max>
          </countRange>
        </li>
      </subOptionsChooseOne>
    </inventoryOptions>
  </PawnKindDef>
  
  <PawnKindDef Name="OrionCommandoElite" ParentName="OrionCommando">
     <defName>OrionCommandoElite</defName>
    <label>elite commando</label>
    <race>Alien_Orion</race>
    <combatPower>220</combatPower>
    <minGenerationAge>30</minGenerationAge>
    <gearHealthRange>
      <min>0.8</min>
      <max>3.5</max>
    </gearHealthRange>
    <apparelTags>
      <li>IndustrialBasic</li>
      <li>IndustrialAdvanced</li>
      <li>IndustrialMilitaryBasic</li>
      <li>IndustrialMilitaryAdvanced</li>
      <li>SpacerMilitary</li>
      <li>BeltDefensePop</li>
    </apparelTags>
    <apparelMoney>
      <min>2500</min>
      <max>4200</max>
    </apparelMoney>
	<backstoryCategories>
		<li>OrionSoldier</li>
	</backstoryCategories>
    <weaponMoney>
      <min>1600</min>
      <max>2000</max>
    </weaponMoney>
    <weaponTags>
			<li>EliteGun</li>
      <li>AdvancedGun</li>
    </weaponTags>
    <techHediffsMoney>
      <min>2000</min>
      <max>3000</max>
    </techHediffsMoney>
    <combatEnhancingDrugsCount>
      <min>1</min>
      <max>2</max>
    </combatEnhancingDrugsCount>
    <combatEnhancingDrugsChance>0.1</combatEnhancingDrugsChance>
    <techHediffsTags>
      <li>Advanced</li>
    </techHediffsTags>
    <techHediffsChance>0.08</techHediffsChance>
    <inventoryOptions>
      <skipChance>0.8</skipChance>
      <subOptionsChooseOne>
        <li>
          <thingDef>Silver</thingDef>
          <countRange>
            <min>120</min>
            <max>480</max>
          </countRange>
        </li>
        <li>
          <thingDef>MedicineIndustrial</thingDef>
          <countRange>
            <min>1</min>
            <max>2</max>
          </countRange>
        </li>
      </subOptionsChooseOne>
    </inventoryOptions>
  </PawnKindDef>

  <alienslavekinds>
        <li>
            <kindDefs>
                <li>OrionRefugee</li>
            </kindDefs>
            <chance>10.0</chance>
        </li>
    </alienslavekinds>

    <alienrefugeekinds>
        <li>
            <kindDefs>
                <li>OrionSlave</li>
            </kindDefs>
            <chance>30.0</chance>
        </li>
    </alienrefugeekinds>
	
		    <startingColonists>
        <li>
            <pawnKindEntries>
                <li>
                    <kindDefs>
                        <li>OrionColonist</li>
                    </kindDefs>
                    <chance>30.0</chance>
                </li>
            </pawnKindEntries>
            <factionDefs>
                <li>PlayerColony</li> 
            </factionDefs>
        </li>
    </startingColonists>
	
		    <alienwandererkinds>
        <li>
            <pawnKindEntries>
                <li>
                    <kindDefs>
                        <li>OrionColonist</li>
                    </kindDefs>
                    <chance>20.0</chance>
                </li>
            </pawnKindEntries>
            <factionDefs>
                <li>PlayerColony</li> 
            </factionDefs>
        </li>
    </alienwandererkinds>
</Defs>
