﻿<?xml version="1.0" encoding="utf-8" ?>
<Defs>

  <!-- ============================ Trill Base ========================== -->

  <PawnKindDef Name="TrillBase" Abstract="True">
    <defaultFactionType>Trill</defaultFactionType>
    <race>Alien_Trill</race>
    <chemicalAddictionChance>0.035</chemicalAddictionChance>
    <baseRecruitDifficulty>0.70</baseRecruitDifficulty>
    <backstoryCategories>
		<li>Trill</li>
	</backstoryCategories>
    <apparelAllowHeadgearChance>0.5</apparelAllowHeadgearChance>
    <apparelTags>
      <li>IndustrialBasic</li>
      <li>IndustrialAdvanced</li>
      <li>IndustrialMilitaryBasic</li>
      <li>IndustrialMilitaryAdvanced</li>
      <li>SpacerMilitary</li>
      <li>BeltDefensePop</li>
    </apparelTags>
  </PawnKindDef>
  
  <!-- ============================ Trill Civilian Base ========================== -->

  <PawnKindDef Name="TrillCivBase" ParentName="TrillBase" Abstract="True">
    <combatPower>25</combatPower>
    <itemQuality>Poor</itemQuality>
    <isFighter>false</isFighter>
    <gearHealthRange>
      <min>0.2</min>
      <max>2.0</max>
    </gearHealthRange>
    <apparelMoney>
      <min>300</min>
      <max>900</max>
    </apparelMoney>
	<backstoryCategories>
		<li>Trill</li>
	</backstoryCategories>
    <weaponMoney>
      <min>0</min>
      <max>250</max>
    </weaponMoney>
    <weaponTags>
      <li>Gun</li>
      <li>NonNeolithicOnlyMelee</li>
    </weaponTags>
    <techHediffsMoney>
      <min>200</min>
      <max>300</max>
    </techHediffsMoney>
    <techHediffsTags>
      <li>Simple</li>
    </techHediffsTags>
    <techHediffsChance>0.001</techHediffsChance>
    <invNutrition>2.55</invNutrition>
    <inventoryOptions>
      <skipChance>0.75</skipChance>
      <subOptionsChooseOne>
        <li>
          <choiceChance>90</choiceChance>
          <thingDef>Silver</thingDef>
          <countRange>
            <min>25</min>
            <max>70</max>
          </countRange>
        </li>
        <li>
          <choiceChance>10</choiceChance>
          <thingDef>Silver</thingDef>
          <countRange>
            <min>700</min>
            <max>1000</max>
          </countRange>
        </li>
      </subOptionsChooseOne>
    </inventoryOptions>
  </PawnKindDef>
  
  <!-- ============================ Trill Civilians ========================== -->
  
  <PawnKindDef ParentName="TrillCivBase">
    <defName>TrillColonist</defName>
    <label>colonist</label>
    <race>Alien_Trill</race>
	<backstoryCategories>
		<li>Trill</li>
	</backstoryCategories>
	<weaponMoney>
      <min>250</min>
      <max>1000</max>
    </weaponMoney>
  </PawnKindDef>

  <PawnKindDef ParentName="TrillCivBase">
    <defName>TrillRuler</defName>
    <race>Alien_Trill</race>
    <label>ruler</label>
    <labelPlural>rulers</labelPlural>
    <factionLeader>true</factionLeader>
    <minGenerationAge>50</minGenerationAge>
    <maxGenerationAge>90</maxGenerationAge>
	<weaponMoney>
      <min>200</min>
      <max>800</max>
    </weaponMoney>
	<backstoryCategories>
		<li>Trill</li>
	</backstoryCategories>
  </PawnKindDef>
  
  <PawnKindDef ParentName="TrillCivBase">
    <defName>TrillTrader</defName>
    <label>colony trader</label>
    <trader>true</trader>
    <race>Alien_Trill</race>
	<backstoryCategories>
		<li>Trill</li>
	</backstoryCategories>
	<weaponMoney>
      <min>200</min>
      <max>800</max>
    </weaponMoney>
  </PawnKindDef>
  
  <!-- ============================ Trill Security ========================== -->
  
  <PawnKindDef Name="TrillSecurityGuard" ParentName="TrillCivBase">
    <defName>TrillSecurityGuard</defName>
    <label>security guard</label>
    <race>Alien_Trill</race>
    <combatPower>50</combatPower>
    <maxGenerationAge>30</maxGenerationAge>
    <gearHealthRange>
      <min>0.5</min>
      <max>1.8</max>
    </gearHealthRange>
    <apparelMoney>
      <min>300</min>
      <max>900</max>
    </apparelMoney>
	<backstoryCategories>
		<li>TrillSoldier</li>
	</backstoryCategories>
    <weaponMoney>
      <min>200</min>
      <max>800</max>
    </weaponMoney>
    <weaponTags>
      <li>Gun</li>
    </weaponTags>
    <techHediffsMoney>
      <min>200</min>
      <max>500</max>
    </techHediffsMoney>
    <techHediffsTags>
      <li>Simple</li>
    </techHediffsTags>
    <techHediffsChance>0.001</techHediffsChance>
    <invNutrition>2.55</invNutrition>
    <inventoryOptions>
      <skipChance>0.95</skipChance>
      <thingDef>Silver</thingDef>
      <countRange>
        <min>30</min>
        <max>100</max>
      </countRange>
    </inventoryOptions>
  </PawnKindDef>
  
  <!-- ============================ Trill Military Base ========================== -->
  
  <PawnKindDef Name="TrillMilBase" ParentName="TrillBase" Abstract="True">
    <chemicalAddictionChance>0</chemicalAddictionChance>
    <isFighter>true</isFighter>
    <invNutrition>2.55</invNutrition>
    <itemQuality>Normal</itemQuality>
    <maxGenerationAge>30</maxGenerationAge>
    <gearHealthRange>
      <min>0.7</min>
      <max>2.3</max>
    </gearHealthRange>
    <apparelTags>
      <li>IndustrialBasic</li>
      <li>IndustrialAdvanced</li>
      <li>IndustrialMilitaryBasic</li>
      <li>IndustrialMilitaryAdvanced</li>
      <li>SpacerMilitary</li>
      <li>BeltDefensePop</li>
    </apparelTags>
    <apparelMoney>
      <min>1500</min>
      <max>2800</max>
    </apparelMoney>
	<backstoryCategories>
		<li>TrillSoldier</li>
	</backstoryCategories>
    <weaponMoney>
      <min>400</min>
      <max>1000</max>
    </weaponMoney>
    <weaponTags>
      <li>Gun</li>
    </weaponTags>
    <techHediffsMoney>
      <min>1000</min>
      <max>1500</max>
    </techHediffsMoney>
    <inventoryOptions>
      <skipChance>0.8</skipChance>
      <subOptionsChooseOne>
        <li>
          <thingDef>Silver</thingDef>
          <countRange>
            <min>50</min>
            <max>200</max>
          </countRange>
        </li>
        <li>
          <thingDef>MedicineIndustrial</thingDef>
          <countRange>
            <min>1</min>
            <max>1</max>
          </countRange>
        </li>
      </subOptionsChooseOne>
    </inventoryOptions>
  </PawnKindDef>
  
  <!-- ============================ Trill Military ========================== -->
  
  <PawnKindDef ParentName="TrillMilBase">
    <defName>TrillRecruit</defName>
    <label>recruit</label>
    <combatPower>70</combatPower>
    <race>Alien_Trill</race>
	<backstoryCategories>
		<li>Trill</li>
	</backstoryCategories>
  </PawnKindDef>
  
  <PawnKindDef Name="TrillHunter" ParentName="TrillMilBase">
    <defName>TrillHunter</defName>
    <label>hunter</label>
    <race>Alien_Trill</race>
    <combatPower>90</combatPower>
    <minGenerationAge>30</minGenerationAge>
    <gearHealthRange>
      <min>0.7</min>
      <max>2.3</max>
    </gearHealthRange>
   <apparelTags>
      <li>IndustrialBasic</li>
      <li>IndustrialAdvanced</li>
      <li>IndustrialMilitaryBasic</li>
      <li>IndustrialMilitaryAdvanced</li>
      <li>SpacerMilitary</li>
      <li>BeltDefensePop</li>
    </apparelTags>
    <apparelMoney>
      <min>1500</min>
      <max>2500</max>
    </apparelMoney>
	<backstoryCategories>
		<li>TrillSoldier</li>
	</backstoryCategories>
    <weaponMoney>
      <min>1200</min>
      <max>1800</max>
    </weaponMoney>
    <weaponTags>
      <li>SniperRifle</li>
    </weaponTags>
    <techHediffsMoney>
      <min>1000</min>
      <max>1500</max>
    </techHediffsMoney>
    <combatEnhancingDrugsCount>
      <min>0</min>
      <max>2</max>
    </combatEnhancingDrugsCount>
    <techHediffsTags>
      <li>Advanced</li>
    </techHediffsTags>
    <techHediffsChance>0.003</techHediffsChance>
    <inventoryOptions>
      <skipChance>0.8</skipChance>
      <subOptionsChooseOne>
        <li>
          <thingDef>Silver</thingDef>
          <countRange>
            <min>50</min>
            <max>200</max>
          </countRange>
        </li>
        <li>
          <thingDef>MedicineIndustrial</thingDef>
          <countRange>
            <min>1</min>
            <max>1</max>
          </countRange>
        </li>
      </subOptionsChooseOne>
    </inventoryOptions>
  </PawnKindDef>

  <PawnKindDef Name="TrillCommando" ParentName="TrillMilBase">
    <defName>TrillCommando</defName>
    <label>commando</label>
    <race>Alien_Trill</race>
    <combatPower>135</combatPower>
    <minGenerationAge>20</minGenerationAge>
    <gearHealthRange>
      <min>0.5</min>
      <max>2.3</max>
    </gearHealthRange>
    <apparelTags>
      <li>IndustrialBasic</li>
      <li>IndustrialAdvanced</li>
      <li>IndustrialMilitaryBasic</li>
      <li>IndustrialMilitaryAdvanced</li>
      <li>SpacerMilitary</li>
      <li>BeltDefensePop</li>
    </apparelTags>
    <apparelMoney>
      <min>1000</min>
      <max>2600</max>
    </apparelMoney>
	<backstoryCategories>
		<li>TrillSoldier</li>
	</backstoryCategories>
    <weaponMoney>
      <min>1200</min>
      <max>2000</max>
    </weaponMoney>
    <weaponTags>
      <li>Gun</li>
    </weaponTags>
    <techHediffsMoney>
      <min>2000</min>
      <max>3000</max>
    </techHediffsMoney>
    <combatEnhancingDrugsCount>
      <min>0</min>
      <max>2</max>
    </combatEnhancingDrugsCount>
    <techHediffsTags>
      <li>Advanced</li>
    </techHediffsTags>
    <techHediffsChance>0.08</techHediffsChance>
    <inventoryOptions>
      <skipChance>0.8</skipChance>
      <subOptionsChooseOne>
        <li>
          <thingDef>Silver</thingDef>
          <countRange>
            <min>180</min>
            <max>400</max>
          </countRange>
        </li>
        <li>
          <thingDef>MedicineIndustrial</thingDef>
          <countRange>
            <min>1</min>
            <max>2</max>
          </countRange>
        </li>
      </subOptionsChooseOne>
    </inventoryOptions>
  </PawnKindDef>
  
  <PawnKindDef Name="TrillCommandoElite" ParentName="TrillCommando">
     <defName>TrillCommandoElite</defName>
    <label>elite commando</label>
    <race>Alien_Trill</race>
    <combatPower>220</combatPower>
    <minGenerationAge>30</minGenerationAge>
    <gearHealthRange>
      <min>0.8</min>
      <max>3.5</max>
    </gearHealthRange>
    <apparelTags>
      <li>IndustrialBasic</li>
      <li>IndustrialAdvanced</li>
      <li>IndustrialMilitaryBasic</li>
      <li>IndustrialMilitaryAdvanced</li>
      <li>SpacerMilitary</li>
      <li>BeltDefensePop</li>
    </apparelTags>
    <apparelMoney>
      <min>2500</min>
      <max>4200</max>
    </apparelMoney>
	<backstoryCategories>
		<li>TrillSoldier</li>
	</backstoryCategories>
    <weaponMoney>
      <min>1600</min>
      <max>2000</max>
    </weaponMoney>
    <weaponTags>
			<li>EliteGun</li>
      <li>AdvancedGun</li>
    </weaponTags>
    <techHediffsMoney>
      <min>2000</min>
      <max>3000</max>
    </techHediffsMoney>
    <combatEnhancingDrugsCount>
      <min>1</min>
      <max>2</max>
    </combatEnhancingDrugsCount>
    <combatEnhancingDrugsChance>0.1</combatEnhancingDrugsChance>
    <techHediffsTags>
      <li>Advanced</li>
    </techHediffsTags>
    <techHediffsChance>0.08</techHediffsChance>
    <inventoryOptions>
      <skipChance>0.8</skipChance>
      <subOptionsChooseOne>
        <li>
          <thingDef>Silver</thingDef>
          <countRange>
            <min>120</min>
            <max>480</max>
          </countRange>
        </li>
        <li>
          <thingDef>MedicineIndustrial</thingDef>
          <countRange>
            <min>1</min>
            <max>2</max>
          </countRange>
        </li>
      </subOptionsChooseOne>
    </inventoryOptions>
  </PawnKindDef>

</Defs>
