<?xml version="1.0" encoding="utf-8" ?>
<Defs>


 <!-- Childhood -->
 
<AlienRace.BackstoryDef>

    <defName>Pantoran_Genius</defName>
    <title>Child Genius</title>
    <titleShort>Genius</titleShort>
    <baseDescription>[PAWN_nameDef] was considered an intellectual prodigy at a very young age, this shaped [PAWN_pronoun] childhood to be centred around expanding this prowess.</baseDescription>
    <bodyTypeMale>Male</bodyTypeMale>
    <bodyTypeFemale>Female</bodyTypeFemale>
    <slot>Childhood</slot>
    <skillGains>
      <li>
        <defName>Intellectual</defName>
        <amount>5</amount>
      </li>
      <li>
        <defName>Crafting</defName>
        <amount>2</amount>
      </li>
    </skillGains>
    <spawnCategories>
      <li>Pantoran</li>
    </spawnCategories>
  
</AlienRace.BackstoryDef>

<AlienRace.BackstoryDef>

    <defName>Pantoran_PirateChild</defName>
    <title>Pirate Child</title>
    <titleShort>Genius</titleShort>
    <baseDescription>[PAWN_nameDef] found themselves in the care of a particularly active band of pirates at a young age. They taught [PAWN_pronoun] how to shoot a blaster and repair a battle-damaged vessel.</baseDescription>
    <bodyTypeMale>Thin</bodyTypeMale>
    <bodyTypeFemale>Thin</bodyTypeFemale>
    <slot>Childhood</slot>
    <skillGains>
      <li>
        <defName>Shooting</defName>
        <amount>2</amount>
      </li>
      <li>
        <defName>Construction</defName>
        <amount>2</amount>
      </li>
    </skillGains>
    <spawnCategories>
      <li>Pantoran</li>
    </spawnCategories>
  
</AlienRace.BackstoryDef>

 <!-- Adulthood -->
 
<AlienRace.BackstoryDef>

    <defName>Pantoran_COfficial</defName>
    <title>Corrupt Offical</title>
    <titleShort>Corrupt</titleShort>
    <baseDescription>[PAWN_nameDef] was a local government official who took many bribes from criminals and other government workers.</baseDescription>
    <bodyTypeMale>Fat</bodyTypeMale>
    <bodyTypeFemale>Fat</bodyTypeFemale>
    <slot>Adulthood</slot>
    <skillGains>
      <li>
        <defName>Intellectual</defName>
        <amount>5</amount>
      </li>
      <li>
        <defName>Melee</defName>
        <amount>-2</amount>
      </li>
    </skillGains>
    <spawnCategories>
      <li>Pantoran</li>
    </spawnCategories>
  
</AlienRace.BackstoryDef>

<AlienRace.BackstoryDef>

    <defName>Pantoran_LHero</defName>
    <title>Local Hero</title>
    <titleShort>Local Hero</titleShort>
    <baseDescription>[PAWN_nameDef] distinguished themselves in a battle enough to gain fame in [PAWN_pronoun] local area.</baseDescription>
    <bodyTypeMale>Hulk</bodyTypeMale>
    <bodyTypeFemale>Hulk</bodyTypeFemale>
    <slot>Adulthood</slot>
    <skillGains>
      <li>
        <defName>Shooting</defName>
        <amount>4</amount>
      </li>
      <li>
        <defName>Melee</defName>
        <amount>4</amount>
      </li>
    </skillGains>
    <spawnCategories>
      <li>Pantoran</li>
    </spawnCategories>
  
</AlienRace.BackstoryDef>
  
</Defs>