<?xml version="1.0" encoding="utf-8" ?>
<Defs>

  <ResearchTabDef>
    <defName>StarTrek</defName>
    <label>Star Trek</label>
  </ResearchTabDef>

  <ResearchProjectDef Name="StarTrekResearch" Abstract="True">
    <techLevel>Spacer</techLevel>
    <tab>StarTrek</tab>
  </ResearchProjectDef>

  <ResearchProjectTagDef>
    <defName>ST_Fed</defName>
  </ResearchProjectTagDef>


  <ResearchProjectDef ParentName="StarTrekResearch">
    <defName>ST_Phaser</defName>
    <label>Phaser Tech</label>
    <description>You begin to understand and put to use Phaser technology.</description>
    <baseCost>750</baseCost>
    <tags>
      <li>ST_Fed</li>
    </tags>
    <researchViewX>0</researchViewX>
    <researchViewY>0</researchViewY>
  </ResearchProjectDef>
  
  <ResearchProjectDef ParentName="StarTrekResearch">
    <defName>ST_Uniforms</defName>
    <label>Enhanced Fibers</label>
    <description>You begin to understand how to make stronger, more practical clothing.</description>
    <baseCost>300</baseCost>
    <tags>
      <li>ST_Fed</li>
    </tags>
    <researchViewX>1</researchViewX>
    <researchViewY>0</researchViewY>
  </ResearchProjectDef>
  
    <ResearchProjectDef ParentName="StarTrekResearch">
    <defName>ST_Phaser</defName>
    <label>Phaser Tech</label>
    <description>You begin to understand and put to use Phaser technology.</description>
    <baseCost>750</baseCost>
    <tags>
      <li>ST_Fed</li>
    </tags>
    <researchViewX>0</researchViewX>
    <researchViewY>0</researchViewY>
  </ResearchProjectDef>
  
  <ResearchProjectDef ParentName="StarTrekResearch">
    <defName>ST_Replication</defName>
    <label>Matter Replication</label>
    <description>You begin to understand the principles of converting energy into matter.</description>
    <baseCost>1000</baseCost>
    <tags>
      <li>ST_Fed</li>
    </tags>
    <researchViewX>2</researchViewX>
    <researchViewY>0</researchViewY>
  </ResearchProjectDef>


</Defs>
