﻿<?xml version="1.0" encoding="utf-8" ?>
<Defs>

  <AlienRace.ThingDef_AlienRace ParentName="BasePawn" Name="Alien_Ferengi">
  <defName>Alien_Ferengi</defName>
    <label>Ferengi</label>
    <description>A member of the big eared Ferengi race. Untrustworthy and a fanatical obsession with gaining profit, the Ferengi are infamous across the galaxy.</description>
      <alienRace>
        <generalSettings>
        <humanRecipeImport>true</humanRecipeImport>
		<maleGenderProbability>.7</maleGenderProbability>
		<immuneToAge>false</immuneToAge>
	    <forcedRaceTraitEntries>
          <li>
          <defName>Nudist</defName>
          <chance>80</chance>
          <commonalityMale>1</commonalityMale>
          <commonalityFemale>95</commonalityFemale>
          </li>
          <li>
          <defName>Abrasive</defName>
          <chance>30</chance>
          </li>
           <li>
			<defName>Wimp</defName>
			<chance>30</chance>
           </li>
           <li>
			<defName>Greedy</defName>
			<chance>90</chance>
           </li>
           <li>
			<defName>DislikesWomen</defName>
			<chance>80</chance>
          <commonalityMale>95</commonalityMale>
          <commonalityFemale>1</commonalityFemale>
           </li>
        </forcedRaceTraitEntries>
            <disallowedTraits>
               <li>Ascetic</li>
			   <li>Tough</li>
            </disallowedTraits>
			<alienPartGenerator>
			    <aliencrowntypes>
					<li>Average_Normal</li>
				</aliencrowntypes>
				 <alienbodytypes>
				 <li>Thin</li>
				 <li>Fat</li>
				 <li>Hulk</li>
                </alienbodytypes>
				<useGenderedHeads>true</useGenderedHeads>
				<useGenderedBodies>false</useGenderedBodies>
				<alienskincolorgen Class="ColorGenerator_Options">
					<options>
						<li>
                        <weight>5</weight>
                        <only>RGB(171, 123, 95)</only>
                    </li>
                    <li>
                        <weight>5</weight>
                        <only>RGB(118, 76, 62)</only>
                    </li>
				     <li>
                        <weight>5</weight>
                        <only>RGB(114, 66, 4)</only>
                    </li>
					</options>
				</alienskincolorgen>
			<useSkincolorForHair>false</useSkincolorForHair>
			</alienPartGenerator>
			<chemicalSettings>	
		    </chemicalSettings>
			</generalSettings>
			<graphicPaths>
                <li>
				<head>Things/Races/Ferengi/Head/</head>
				<body>Things/Races/Ferengi/Body/</body>
                </li>	
            </graphicPaths>
        <hairSettings>
            <hasHair>false</hasHair>
            <getsGreyAt>500</getsGreyAt>
            <hairTags>
                <li>Human</li>
            </hairTags>
        </hairSettings>
			<thoughtSettings>
				<cannotReceiveThoughts>
				</cannotReceiveThoughts>
			</thoughtSettings>
			<relationSettings>
			<relationChanceModifierChild>1</relationChanceModifierChild>
            <relationChanceModifierExLover>2</relationChanceModifierExLover>
            <relationChanceModifierExSpouse>1</relationChanceModifierExSpouse>
            <relationChanceModifierFiance>1</relationChanceModifierFiance>
            <relationChanceModifierLover>2</relationChanceModifierLover>
            <relationChanceModifierParent>1</relationChanceModifierParent>
            <relationChanceModifierSibling>2</relationChanceModifierSibling>
            <relationChanceModifierSpouse>1</relationChanceModifierSpouse>
			</relationSettings>
    </alienRace>
  
    <statBases>
      <MarketValue>2000</MarketValue>
      <MoveSpeed>4.62</MoveSpeed>
      <Flammability>1.0</Flammability>
      <ComfyTemperatureMin>4</ComfyTemperatureMin>
      <ComfyTemperatureMax>26</ComfyTemperatureMax>
      <LeatherAmount>25</LeatherAmount>
    </statBases>
    <tools>
      <li>
        <label>left fist</label>
        <capacities>
          <li>Blunt</li>
        </capacities>
        <power>5</power>
        <cooldownTime>1.5</cooldownTime>
        <linkedBodyPartsGroup>LeftHand</linkedBodyPartsGroup>
        <surpriseAttack>
          <extraMeleeDamages>
            <li>
              <def>Stun</def>
              <amount>18</amount>
            </li>
          </extraMeleeDamages>
        </surpriseAttack>
      </li>
      <li>
        <label>right fist</label>
        <capacities>
          <li>Blunt</li>
        </capacities>
        <power>5</power>
        <cooldownTime>1.5</cooldownTime>
        <linkedBodyPartsGroup>RightHand</linkedBodyPartsGroup>
        <surpriseAttack>
          <extraMeleeDamages>
            <li>
              <def>Stun</def>
              <amount>18</amount>
            </li>
          </extraMeleeDamages>
        </surpriseAttack>
      </li>
      <li>
        <label>head</label>
        <capacities>
          <li>Blunt</li>
        </capacities>
        <power>3</power>
        <cooldownTime>1.6</cooldownTime>
        <linkedBodyPartsGroup>HeadAttackTool</linkedBodyPartsGroup>
        <chanceFactor>0.2</chanceFactor>
      </li>
    </tools>
    <race>
      <thinkTreeMain>Humanlike</thinkTreeMain>
      <thinkTreeConstant>HumanlikeConstant</thinkTreeConstant>
      <intelligence>Humanlike</intelligence>
      <makesFootprints>true</makesFootprints>
      <lifeExpectancy>120</lifeExpectancy>
      <useLeatherFrom>Human</useLeatherFrom>
      <nameGenerator>NamerFerengiMale</nameGenerator>
      <nameGeneratorFemale>NamerFerengiFemale</nameGeneratorFemale>
      <body>Ferengi</body>
      <useMeatFrom>Human</useMeatFrom>
      <baseBodySize>1</baseBodySize>
      <baseHealthScale>1</baseHealthScale>
      <foodType>OmnivoreHuman</foodType>
      <gestationPeriodDays>45</gestationPeriodDays>
      <litterSizeCurve>
        <points>
          <li>(0.5, 0)</li>
          <li>(1, 1)</li>
          <li>(1.01, 0.02)</li>
          <li>(3.5, 0)</li>
        </points>
      </litterSizeCurve>
      <lifeStageAges>
        <li>
          <def>HumanlikeBaby</def>
          <minAge>0</minAge>
        </li>
        <li>
          <def>HumanlikeToddler</def>
          <minAge>4</minAge>
        </li>
        <li>
          <def>HumanlikeChild</def>
          <minAge>6</minAge>
        </li>
        <li>
          <def>HumanlikeTeenager</def>
          <minAge>13</minAge>
        </li>
        <li>
          <def>HumanlikeAdult</def>
          <minAge>21</minAge>
        </li>
      </lifeStageAges>
      <soundMeleeHitPawn>Pawn_Melee_Punch_HitPawn</soundMeleeHitPawn>
      <soundMeleeHitBuilding>Pawn_Melee_Punch_HitBuilding</soundMeleeHitBuilding>
      <soundMeleeMiss>Pawn_Melee_Punch_Miss</soundMeleeMiss>
      <specialShadowData>
        <volume>(0.3, 0.8, 0.4)</volume>
        <offset>(0,0,-0.3)</offset>
      </specialShadowData>
      <ageGenerationCurve>
        <points>
          <li>(14,0)</li>
          <li>(16,100)</li>
          <li>(50,100)</li>
          <li>(60,30)</li>
          <li>(70,18)</li>
          <li>(80,10)</li>
          <li>(90,3)</li>
          <li>(100,3)</li>
          <li>(120,3)</li>
          <li>(140,3)</li>
          <li>(160,0)</li>
        </points>
      </ageGenerationCurve>
    </race>
    <recipes>
      <li>InstallArchotechEye</li>
      <li>InstallArchotechArm</li>
      <li>InstallArchotechLeg</li>
      <li>InstallPowerClaw</li>
      <li>InstallBionicEye</li>
      <li>InstallBionicArm</li>
      <li>InstallBionicLeg</li>
      <li>InstallBionicSpine</li>
      <li>InstallBionicHeart</li>
      <li>InstallBionicStomach</li>
      <li>InstallBionicEar</li>
      <li>InstallSimpleProstheticArm</li>
      <li>InstallSimpleProstheticLeg</li>
      <li>InstallSimpleProstheticHeart</li>
      <li>InstallCochlearImplant</li>
      <li>InstallPegLeg</li>
      <li>InstallWoodenFoot</li>
      <li>InstallDenture</li>
      <li>InstallJoywire</li>
      <li>InstallPainstopper</li>
      <li>InstallNaturalHeart</li>
      <li>InstallNaturalLung</li>
      <li>InstallNaturalKidney</li>
      <li>InstallNaturalLiver</li>
      <li>ExciseCarcinoma</li>
      <li>AdministerMechSerumHealer</li>
      <li>RemoveBodyPart</li>
      <li>Euthanize</li>
      <li>Anesthetize</li>
    </recipes>
  </AlienRace.ThingDef_AlienRace>
  </Defs>