﻿<?xml version="1.0" encoding="utf-8" ?>
<Defs>

  <FactionDef>
		<defName>Aenar</defName>
		<label>Aenar Alliance</label>
    <description>A colony of the Aenar race. They are here to construct a peaceful colony.</description>
    <pawnsPlural>aenar</pawnsPlural>
	<fixedName>Aenar</fixedName>
    <settlementGenerationWeight>1</settlementGenerationWeight>
    <requiredCountAtGameStart>1</requiredCountAtGameStart>
    <canMakeRandomly>false</canMakeRandomly>
    <canSiege>false</canSiege>
    <canStageAttacks>false</canStageAttacks>
    <leaderTitle>Speaker</leaderTitle>
    <colorSpectrum>
      <li>(0.0, 0.0, 1)</li>
    </colorSpectrum>
    <startingGoodwill>
      <min>10</min>
      <max>40</max>
    </startingGoodwill>
    <pawnNameMaker>NamerAndorianUtility</pawnNameMaker>
	<settlementNameMaker>NamerSettlementOutlander</settlementNameMaker>
	<techLevel>Industrial</techLevel>
	<backstoryCategories><li>Aenar</li></backstoryCategories>
	<hairTags>
			<li>Urban</li>
			<li>Punk</li>
			<li>Rural</li>
			<li>Tribal</li>
	</hairTags>
    <naturalColonyGoodwill>
      <min>-60</min>
      <max>0</max>
    </naturalColonyGoodwill>
    <visitorTraderKinds>
      <li>Visitor_Andorian_Standard</li>
    </visitorTraderKinds>
   <caravanTraderKinds>
      <li>Caravan_Outlander_BulkGoods</li>
      <li>Caravan_Outlander_CombatSupplier</li>
      <li>Caravan_Outlander_Exotic</li>
    </caravanTraderKinds>
    <baseTraderKinds>
      <li>Base_Outlander_Standard</li>
    </baseTraderKinds>
    <allowedArrivalTemperatureRange>
      <min>-30</min>
      <max>45</max>
    </allowedArrivalTemperatureRange>
	<maxPawnCostPerTotalPointsCurve>
      <points>
        <li>(0,35)</li>
        <li>(70, 50)</li>
        <li>(700, 100)</li>
        <li>(1300, 150)</li>
        <li>(100000, 10000)</li>
      </points>
    </maxPawnCostPerTotalPointsCurve>
    <pawnGroupMakers>
      <li>
        <kindDef>Peaceful</kindDef>
        <options>
          <AenarColonist>10</AenarColonist>
          <AenarGuard>5</AenarGuard>
          <AenarRuler>1</AenarRuler>
          <AenarRecruit>5</AenarRecruit>
        </options>
      </li>
	  <li>
      <kindDef>Trader</kindDef>
        <traders>
          <AenarTrader>1</AenarTrader>
        </traders>
        <carriers>
          <Muffalo>4</Muffalo>
        </carriers>
        <guards>
          <AenarGuard>9</AenarGuard>
          <AenarRecruit>9</AenarRecruit>
        </guards>
      </li>
	  <li>
        <kindDef>Combat</kindDef>
        <options>
          <AenarColonist>1</AenarColonist>
          <AenarGuard>8</AenarGuard>
          <AenarRuler>1</AenarRuler>
          <AenarRecruit>1</AenarRecruit>
        </options>
      </li>
	  <li>
        <kindDef>Settlement</kindDef>
        <options>
          <AenarColonist>2</AenarColonist>
          <AenarGuard>5</AenarGuard>
          <AenarRuler>1</AenarRuler>
          <AenarRecruit>1</AenarRecruit>
      
        </options>
      </li>
    </pawnGroupMakers>
    <settlementTexturePath>World/WorldObjects/FactionLogos/AenarBaseIcon</settlementTexturePath>
    <factionIconPath>World/WorldObjects/FactionLogos/AenarBaseIcon</factionIconPath>
	<apparelStuffFilter>
		<thingDefs>
			<li>Synthread</li>
			<li>Hyperweave</li>
		</thingDefs>
	</apparelStuffFilter>
  </FactionDef>

</Defs>