﻿<?xml version="1.0" encoding="utf-8" ?>
<Defs>

  <FactionDef>
		<defName>Trill</defName>
		<label>trill alliance</label>
    <description>A colony of the Trill. They are here to ocnduct scientific research but have the force necessary to defend themselves.</description>
    <pawnsPlural>trill</pawnsPlural>
	<fixedName>The Trill Alliance</fixedName>
    <settlementGenerationWeight>1</settlementGenerationWeight>
    <requiredCountAtGameStart>1</requiredCountAtGameStart>
    <canMakeRandomly>false</canMakeRandomly>
    <canSiege>true</canSiege>
    <canStageAttacks>true</canStageAttacks>
    <leaderTitle>Ruler</leaderTitle>
    <colorSpectrum>
      <li>(1, 0.89, 0.44)</li>
    </colorSpectrum>
    <startingGoodwill>
      <min>10</min>
      <max>40</max>
    </startingGoodwill>
    <pawnNameMaker>NamerTrillUtility</pawnNameMaker>
	<settlementNameMaker>NamerSettlementOutlander</settlementNameMaker>
	<techLevel>Industrial</techLevel>
	<backstoryCategories><li>Trill</li></backstoryCategories>
	<hairTags>
			<li>Urban</li>
			<li>Punk</li>
			<li>Rural</li>
			<li>Tribal</li>
	</hairTags>
    <naturalColonyGoodwill>
      <min>-60</min>
      <max>0</max>
    </naturalColonyGoodwill>
    <visitorTraderKinds>
      <li>Visitor_Trill_Standard</li>
    </visitorTraderKinds>
   <caravanTraderKinds>
      <li>Caravan_Outlander_BulkGoods</li>
      <li>Caravan_Outlander_CombatSupplier</li>
      <li>Caravan_Outlander_Exotic</li>
    </caravanTraderKinds>
    <baseTraderKinds>
      <li>Base_Outlander_Standard</li>
    </baseTraderKinds>
    <allowedArrivalTemperatureRange>
      <min>-30</min>
      <max>45</max>
    </allowedArrivalTemperatureRange>
	<maxPawnCostPerTotalPointsCurve>
      <points>
        <li>(0,35)</li>
        <li>(70, 50)</li>
        <li>(700, 100)</li>
        <li>(1300, 150)</li>
        <li>(100000, 10000)</li>
      </points>
    </maxPawnCostPerTotalPointsCurve>
    <pawnGroupMakers>
      <li>
        <kindDef>Peaceful</kindDef>
        <options>
          <TrillColonist>5</TrillColonist>
          <TrillSecurityGuard>9</TrillSecurityGuard>
          <TrillRuler>10</TrillRuler>
          <TrillRecruit>1</TrillRecruit>
          <TrillHunter>5</TrillHunter>
          <TrillCommando>5</TrillCommando>
          <TrillCommandoElite>1</TrillCommandoElite>
        </options>
      </li>
	  <li>
      <kindDef>Trader</kindDef>
        <traders>
          <TrillTrader>1</TrillTrader>
        </traders>
        <carriers>
          <Muffalo>2</Muffalo>
          <Dromedary>2</Dromedary>
        </carriers>
        <guards>
          <TrillSecurityGuard>9</TrillSecurityGuard>
          <TrillRecruit>1</TrillRecruit>
          <TrillHunter>5</TrillHunter>
          <TrillCommando>2</TrillCommando>
        </guards>
      </li>
	  <li>
        <kindDef>Combat</kindDef>
        <options>
          <TrillColonist>1</TrillColonist>
          <TrillSecurityGuard>8</TrillSecurityGuard>
          <TrillRuler>1</TrillRuler>
          <TrillRecruit>1</TrillRecruit>
          <TrillHunter>5</TrillHunter>
          <TrillCommando>5</TrillCommando>
          <TrillCommandoElite>2</TrillCommandoElite>
        </options>
      </li>
	  <li>
        <kindDef>Settlement</kindDef>
        <options>
          <TrillColonist>2</TrillColonist>
          <TrillSecurityGuard>5</TrillSecurityGuard>
          <TrillRuler>1</TrillRuler>
          <TrillRecruit>1</TrillRecruit>
          <TrillHunter>5</TrillHunter>
          <TrillCommando>3</TrillCommando>
          <TrillCommandoElite>2</TrillCommandoElite>
        </options>
      </li>
    </pawnGroupMakers>
    <settlementTexturePath>World/WorldObjects/FactionLogos/TrillBaseIcon</settlementTexturePath>
    <factionIconPath>World/WorldObjects/FactionLogos/TrillBaseIcon</factionIconPath>
	<apparelStuffFilter>
		<thingDefs>
			<li>Synthread</li>
			<li>Hyperweave</li>
		</thingDefs>
	</apparelStuffFilter>
  </FactionDef>

</Defs>