﻿<?xml version="1.0" encoding="utf-8" ?>
<Defs>

  <FactionDef>
		<defName>Romulan</defName>
		<label>Romulan Star Empire</label>
    <description>A colony of the Romulan Star Empire. An aggresive people, they are here to steal land and resources.</description>
    <pawnsPlural>Romulan</pawnsPlural>
	<fixedName>The Romulan Star Empire</fixedName>
    <settlementGenerationWeight>1</settlementGenerationWeight>
    <requiredCountAtGameStart>1</requiredCountAtGameStart>
    <canMakeRandomly>true</canMakeRandomly>
    <canSiege>true</canSiege>
    <canStageAttacks>true</canStageAttacks>
    <leaderTitle>Ruler</leaderTitle>
    <colorSpectrum>
      <li>(0.75, 0.75, 0.75)</li>
    </colorSpectrum>
    <startingGoodwill>
      <min>10</min>
      <max>40</max>
    </startingGoodwill>
    <pawnNameMaker>NamerRomulanUtility</pawnNameMaker>
	<settlementNameMaker>NamerSettlementOutlander</settlementNameMaker>
	<techLevel>Spacer</techLevel>
	<backstoryCategories><li>Romulan</li></backstoryCategories>
	<hairTags>
			<li>Vulcanite</li>
	</hairTags>
    <naturalColonyGoodwill>
      <min>-60</min>
      <max>0</max>
    </naturalColonyGoodwill>
    <visitorTraderKinds>
      <li>Visitor_Romulan_Standard</li>
    </visitorTraderKinds>
   <caravanTraderKinds>
      <li>Caravan_Outlander_BulkGoods</li>
      <li>Caravan_Outlander_CombatSupplier</li>
      <li>Caravan_Outlander_Exotic</li>
    </caravanTraderKinds>
    <baseTraderKinds>
      <li>Base_Outlander_Standard</li>
    </baseTraderKinds>
    <allowedArrivalTemperatureRange>
      <min>-30</min>
      <max>45</max>
    </allowedArrivalTemperatureRange>
	<maxPawnCostPerTotalPointsCurve>
      <points>
        <li>(0,35)</li>
        <li>(70, 50)</li>
        <li>(700, 100)</li>
        <li>(1300, 150)</li>
        <li>(100000, 10000)</li>
      </points>
    </maxPawnCostPerTotalPointsCurve>
    <pawnGroupMakers>
      <li>
        <kindDef>Peaceful</kindDef>
        <options>
          <RomulanColonist>5</RomulanColonist>
          <RomulanSecurityGuard>9</RomulanSecurityGuard>
          <RomulanRuler>10</RomulanRuler>
          <RomulanRecruit>1</RomulanRecruit>
          <RomulanHunter>5</RomulanHunter>
          <RomulanCommando>5</RomulanCommando>
          <RomulanCommandoElite>1</RomulanCommandoElite>
        </options>
      </li>
	  <li>
      <kindDef>Trader</kindDef>
        <traders>
          <RomulanTrader>1</RomulanTrader>
        </traders>
        <carriers>
          <Muffalo>2</Muffalo>
          <Dromedary>2</Dromedary>
        </carriers>
        <guards>
          <RomulanSecurityGuard>9</RomulanSecurityGuard>
          <RomulanRecruit>1</RomulanRecruit>
          <RomulanHunter>5</RomulanHunter>
          <RomulanCommando>2</RomulanCommando>
        </guards>
      </li>
	  <li>
        <kindDef>Combat</kindDef>
        <options>
          <RomulanColonist>1</RomulanColonist>
          <RomulanSecurityGuard>8</RomulanSecurityGuard>
          <RomulanRuler>1</RomulanRuler>
          <RomulanRecruit>1</RomulanRecruit>
          <RomulanHunter>5</RomulanHunter>
          <RomulanCommando>5</RomulanCommando>
          <RomulanCommandoElite>2</RomulanCommandoElite>
        </options>
      </li>
	  <li>
        <kindDef>Settlement</kindDef>
        <options>
          <RomulanColonist>2</RomulanColonist>
          <RomulanSecurityGuard>5</RomulanSecurityGuard>
          <RomulanRuler>1</RomulanRuler>
          <RomulanRecruit>1</RomulanRecruit>
          <RomulanHunter>5</RomulanHunter>
          <RomulanCommando>3</RomulanCommando>
          <RomulanCommandoElite>2</RomulanCommandoElite>
        </options>
      </li>
    </pawnGroupMakers>
    <settlementTexturePath>World/WorldObjects/FactionLogos/RomulanBaseIcon</settlementTexturePath>
    <factionIconPath>World/WorldObjects/FactionLogos/RomulanBaseIcon</factionIconPath>
	<apparelStuffFilter>
		<thingDefs>
			<li>Synthread</li>
			<li>Hyperweave</li>
		</thingDefs>
	</apparelStuffFilter>
  </FactionDef>

</Defs>