﻿<?xml version="1.0" encoding="utf-8" ?>
<Defs>

  <FactionDef>
		<defName>Andorian</defName>
		<label>andorian empire</label>
    <description>A colony of the Andorian race. They are here to hone their combat skills in isolation and are equipped to take supplies with force.</description>
    <pawnsPlural>andorian</pawnsPlural>
	<fixedName>The Andorian Empire</fixedName>
    <settlementGenerationWeight>1</settlementGenerationWeight>
    <requiredCountAtGameStart>1</requiredCountAtGameStart>
    <canMakeRandomly>false</canMakeRandomly>
    <canSiege>true</canSiege>
    <canStageAttacks>true</canStageAttacks>
    <leaderTitle>Ruler</leaderTitle>
    <colorSpectrum>
      <li>(0.0, 0.0, 1)</li>
    </colorSpectrum>
    <startingGoodwill>
      <min>10</min>
      <max>40</max>
    </startingGoodwill>
    <pawnNameMaker>NamerAndorianUtility</pawnNameMaker>
	<settlementNameMaker>NamerSettlementOutlander</settlementNameMaker>
	<techLevel>Industrial</techLevel>
	<backstoryCategories><li>Andorian</li></backstoryCategories>
	<hairTags>
			<li>Urban</li>
			<li>Punk</li>
			<li>Rural</li>
			<li>Tribal</li>
	</hairTags>
    <naturalColonyGoodwill>
      <min>-60</min>
      <max>0</max>
    </naturalColonyGoodwill>
    <visitorTraderKinds>
      <li>Visitor_Andorian_Standard</li>
    </visitorTraderKinds>
   <caravanTraderKinds>
      <li>Caravan_Outlander_BulkGoods</li>
      <li>Caravan_Outlander_CombatSupplier</li>
      <li>Caravan_Outlander_Exotic</li>
    </caravanTraderKinds>
    <baseTraderKinds>
      <li>Base_Outlander_Standard</li>
    </baseTraderKinds>
    <allowedArrivalTemperatureRange>
      <min>-30</min>
      <max>45</max>
    </allowedArrivalTemperatureRange>
	<maxPawnCostPerTotalPointsCurve>
      <points>
        <li>(0,35)</li>
        <li>(70, 50)</li>
        <li>(700, 100)</li>
        <li>(1300, 150)</li>
        <li>(100000, 10000)</li>
      </points>
    </maxPawnCostPerTotalPointsCurve>
    <pawnGroupMakers>
      <li>
        <kindDef>Peaceful</kindDef>
        <options>
          <AndorianColonist>5</AndorianColonist>
          <AndorianSecurityGuard>9</AndorianSecurityGuard>
          <AndorianRuler>10</AndorianRuler>
          <AndorianRecruit>1</AndorianRecruit>
          <AndorianHunter>5</AndorianHunter>
          <AndorianCommando>5</AndorianCommando>
          <AndorianCommandoElite>1</AndorianCommandoElite>
        </options>
      </li>
	  <li>
      <kindDef>Trader</kindDef>
        <traders>
          <AndorianTrader>1</AndorianTrader>
        </traders>
        <carriers>
          <Muffalo>2</Muffalo>
          <Dromedary>2</Dromedary>
        </carriers>
        <guards>
          <AndorianSecurityGuard>9</AndorianSecurityGuard>
          <AndorianRecruit>1</AndorianRecruit>
          <AndorianHunter>5</AndorianHunter>
          <AndorianCommando>2</AndorianCommando>
        </guards>
      </li>
	  <li>
        <kindDef>Combat</kindDef>
        <options>
          <AndorianColonist>1</AndorianColonist>
          <AndorianSecurityGuard>8</AndorianSecurityGuard>
          <AndorianRuler>1</AndorianRuler>
          <AndorianRecruit>1</AndorianRecruit>
          <AndorianHunter>5</AndorianHunter>
          <AndorianCommando>5</AndorianCommando>
          <AndorianCommandoElite>2</AndorianCommandoElite>
        </options>
      </li>
	  <li>
        <kindDef>Settlement</kindDef>
        <options>
          <AndorianColonist>2</AndorianColonist>
          <AndorianSecurityGuard>5</AndorianSecurityGuard>
          <AndorianRuler>1</AndorianRuler>
          <AndorianRecruit>1</AndorianRecruit>
          <AndorianHunter>5</AndorianHunter>
          <AndorianCommando>3</AndorianCommando>
          <AndorianCommandoElite>2</AndorianCommandoElite>
        </options>
      </li>
    </pawnGroupMakers>
    <settlementTexturePath>World/WorldObjects/FactionLogos/AndorianBaseIcon</settlementTexturePath>
    <factionIconPath>World/WorldObjects/FactionLogos/AndorianBaseIcon</factionIconPath>
	<apparelStuffFilter>
		<thingDefs>
			<li>Synthread</li>
			<li>Hyperweave</li>
		</thingDefs>
	</apparelStuffFilter>
  </FactionDef>

</Defs>