﻿<?xml version="1.0" encoding="utf-8" ?>
<Defs>

  <FactionDef Abstract="True" Name="ocampaFactionBase">
    <colorSpectrum>
      <li>(0.0, 0.75, 0.0)</li>
    </colorSpectrum>
  </FactionDef>
  
  <FactionDef Parent="ocampaFactionBase">
    <defName>OcampaPlayerColony</defName>
    <label>ocampa</label>
    <description>Your own community.</description>
    <isPlayer>true</isPlayer>
    <basicMemberKind>Ocampa</basicMemberKind>
    <pawnsPlural>colonists</pawnsPlural>
	<pawnNameMaker>NamerOcampaUtility</pawnNameMaker>
    <techLevel>Spacer</techLevel>
    <backstoryCategories><li>Ocampa</li></backstoryCategories>
    <factionIconPath>World/WorldObjects/FactionLogos/OcampaBaseIcon</factionIconPath>
    <settlementTexturePath>World/WorldObjects/Expanding/Town</settlementTexturePath>
	    <playerInitialSettlementNameMaker>NamerInitialSettlementColony</playerInitialSettlementNameMaker>
		<factionNameMaker>NamerFactionOutlander</factionNameMaker>
		<settlementNameMaker>NamerSettlementOutlander</settlementNameMaker>
    <startingResearchTags>
      <li>ClassicStart</li>
    </startingResearchTags>
    <hairTags>
	  <li>Urban</li>
	  <li>Punk</li>
	  <li>Rural</li>
	  <li>Tribal</li>
	</hairTags>
    <apparelStuffFilter>
      <thingDefs>
        <li>Synthread</li>
      </thingDefs>
    </apparelStuffFilter>

  </FactionDef>

</Defs>