﻿<?xml version="1.0" encoding="utf-8" ?>
<Defs>

  <FactionDef>
		<defName>Klingon</defName>
		<label>klingon Empire</label>
    <description>A stronghold of the Klingon Empire. They are a fiercely warlike species.</description>
    <pawnsPlural>klingon</pawnsPlural>
	<fixedName>The Klingon Empire</fixedName>
    <settlementGenerationWeight>1</settlementGenerationWeight>
    <requiredCountAtGameStart>1</requiredCountAtGameStart>
    <canMakeRandomly>true</canMakeRandomly>
    <canSiege>true</canSiege>
    <canStageAttacks>true</canStageAttacks>
    <leaderTitle>Chancellor</leaderTitle>
    <colorSpectrum>
      <li>(1, 0.89, 0.44)</li>
    </colorSpectrum>
    <startingGoodwill>
      <min>10</min>
      <max>40</max>
    </startingGoodwill>
    <pawnNameMaker>NamerKlingonUtility</pawnNameMaker>
	<settlementNameMaker>NamerSettlementOutlander</settlementNameMaker>
	<techLevel>Industrial</techLevel>
	<backstoryCategories><li>Klingon</li></backstoryCategories>
	<hairTags>
			<li>Urban</li>
			<li>Punk</li>
			<li>Rural</li>
			<li>Tribal</li>
	</hairTags>
    <naturalColonyGoodwill>
      <min>-60</min>
      <max>0</max>
    </naturalColonyGoodwill>
    <visitorTraderKinds>
      <li>Visitor_Klingon_Standard</li>
    </visitorTraderKinds>
   <caravanTraderKinds>
      <li>Caravan_Outlander_BulkGoods</li>
      <li>Caravan_Outlander_CombatSupplier</li>
      <li>Caravan_Outlander_Exotic</li>
    </caravanTraderKinds>
    <baseTraderKinds>
      <li>Base_Outlander_Standard</li>
    </baseTraderKinds>
    <allowedArrivalTemperatureRange>
      <min>-30</min>
      <max>45</max>
    </allowedArrivalTemperatureRange>
	<maxPawnCostPerTotalPointsCurve>
      <points>
        <li>(0,35)</li>
        <li>(70, 50)</li>
        <li>(700, 100)</li>
        <li>(1300, 150)</li>
        <li>(100000, 10000)</li>
      </points>
    </maxPawnCostPerTotalPointsCurve>
    <pawnGroupMakers>
      <li>
        <kindDef>Peaceful</kindDef>
        <options>
          <KlingonColonist>5</KlingonColonist>
          <KlingonSecurityGuard>9</KlingonSecurityGuard>
          <KlingonRuler>10</KlingonRuler>
          <KlingonRecruit>1</KlingonRecruit>
          <KlingonHunter>5</KlingonHunter>
          <KlingonCommando>5</KlingonCommando>
          <KlingonCommandoElite>1</KlingonCommandoElite>
        </options>
      </li>
	  <li>
      <kindDef>Trader</kindDef>
        <traders>
          <KlingonTrader>1</KlingonTrader>
        </traders>
        <carriers>
          <Muffalo>2</Muffalo>
          <Dromedary>2</Dromedary>
        </carriers>
        <guards>
          <KlingonSecurityGuard>9</KlingonSecurityGuard>
          <KlingonRecruit>1</KlingonRecruit>
          <KlingonHunter>5</KlingonHunter>
          <KlingonCommando>2</KlingonCommando>
        </guards>
      </li>
	  <li>
        <kindDef>Combat</kindDef>
        <options>
          <KlingonColonist>1</KlingonColonist>
          <KlingonSecurityGuard>8</KlingonSecurityGuard>
          <KlingonRuler>1</KlingonRuler>
          <KlingonRecruit>1</KlingonRecruit>
          <KlingonHunter>5</KlingonHunter>
          <KlingonCommando>5</KlingonCommando>
          <KlingonCommandoElite>2</KlingonCommandoElite>
        </options>
      </li>
	  <li>
        <kindDef>Settlement</kindDef>
        <options>
          <KlingonColonist>2</KlingonColonist>
          <KlingonSecurityGuard>5</KlingonSecurityGuard>
          <KlingonRuler>1</KlingonRuler>
          <KlingonRecruit>1</KlingonRecruit>
          <KlingonHunter>5</KlingonHunter>
          <KlingonCommando>3</KlingonCommando>
          <KlingonCommandoElite>2</KlingonCommandoElite>
        </options>
      </li>
    </pawnGroupMakers>
    <settlementTexturePath>World/WorldObjects/FactionLogos/KlingonBaseIcon</settlementTexturePath>
    <factionIconPath>World/WorldObjects/FactionLogos/KlingonBaseIcon</factionIconPath>
	<apparelStuffFilter>
		<thingDefs>
			<li>Synthread</li>
			<li>Hyperweave</li>
		</thingDefs>
	</apparelStuffFilter>
  </FactionDef>

</Defs>