﻿<?xml version="1.0" encoding="utf-8"?>
<Defs>

  <TraderKindDef>
    <defName>Visitor_Bajoran_Standard</defName>
    <label>trader</label>
    <stockGenerators>
      <li Class="StockGenerator_SingleDef">
        <thingDef>Silver</thingDef>
        <countRange>
          <min>5000</min>
          <max>30000</max>
        </countRange>
      </li>
      <li Class="StockGenerator_SingleDef">
        <thingDef>ComponentIndustrial</thingDef>
				<price>Expensive</price>
				<countRange>
          <min>-2</min>
          <max>5</max>
        </countRange>
      </li>
      <li Class="StockGenerator_SingleDef">
        <thingDef>Phaser_TypeTwo</thingDef>
        <totalPriceRange>
          <min>1000</min>
          <max>2000</max>
        </totalPriceRange>
				<countRange>
          <min>2</min>
          <max>6</max>
        </countRange>
      </li>
      <li Class="StockGenerator_SingleDef">
        <thingDef>Phaser_TypeOne</thingDef>
        <totalPriceRange>
          <min>500</min>
          <max>1500</max>
        </totalPriceRange>
				<countRange>
          <min>2</min>
          <max>10</max>
        </countRange>
      </li>
      <li Class="StockGenerator_SingleDef">
        <thingDef>Phaser_TypeThree</thingDef>
        <totalPriceRange>
          <min>2100</min>
          <max>5000</max>
        </totalPriceRange>
				<countRange>
          <min>0</min>
          <max>3</max>
        </countRange>
      </li>
      <li Class="StockGenerator_Category">
        <categoryDef>FoodMeals</categoryDef>
        <thingDefCountRange>
          <min>1</min>
          <max>2</max>
        </thingDefCountRange>
        <countRange>
          <min>0</min>
          <max>3</max>
        </countRange>
      </li>
      <li Class="StockGenerator_SingleDef">
        <thingDef>MedicineIndustrial</thingDef>
        <countRange>
          <min>0</min>
          <max>6</max>
        </countRange>
      </li>
      <li Class="StockGenerator_WeaponsRanged">
        <countRange>
          <min>0</min>
          <max>2</max>
        </countRange>
      </li>
      <li Class="StockGenerator_Category">
        <categoryDef>Drugs</categoryDef>
				<price>Expensive</price>
				<thingDefCountRange>
          <min>-1</min>
          <max>2</max>
        </thingDefCountRange>
        <totalPriceRange>
          <min>300</min>
          <max>500</max>
        </totalPriceRange>
      </li>
      <li Class="StockGenerator_Clothes">
        <countRange>
          <min>0</min>
          <max>2</max>
        </countRange>
      </li>
      <li Class="StockGenerator_MultiDef">
        <thingDefs>
          <li>Cloth</li>
          <li>Chocolate</li>
        </thingDefs>
      </li>
    </stockGenerators>
  </TraderKindDef>

</Defs>