<?xml version="1.0" encoding="utf-8" ?>
<Defs>

 <!-- Trill -->
  <HediffDef>
    <defName>Trill_Joined_Hediff</defName>
    <label>joined trill</label>
    <labelNoun>a joined trill</labelNoun>
    <labelNounPretty>joined trill</labelNounPretty>
    <description>This Trill has been joined with a symbiont.</description>
    <stages>
      <li>
        <capMods>
          <li>
            <capacity>Manipulation</capacity>
            <offset>0.5</offset>
          </li>
          <li>
            <capacity>Sight</capacity>
            <offset>0.5</offset>
          </li>
        </capMods>
      </li>
    </stages>
    <defaultLabelColor>(0.0, 0.0, 0.5)</defaultLabelColor>
    <spawnThingOnRemoved>TrillSymbiont</spawnThingOnRemoved>
  </HediffDef>
 
  <HediffDef>
    <defName>Removed_Symbiont</defName>
    <label>removed symbiont</label>
    <labelNoun>a removed symbiont</labelNoun>
    <labelNounPretty>missing a symbiont</labelNounPretty>
    <description>A symbiont has been removed from this Trill, they will die soon.</description>
    <hediffClass>Hediff_MissingPart</hediffClass>
    <defaultLabelColor>(0.5, 0.5, 0.5)</defaultLabelColor>
    <tendable>false</tendable>
    <injuryProps>
      <bleedRate>0.99</bleedRate>
      <painPerSeverity>0.3</painPerSeverity>
    </injuryProps>
  </HediffDef>
 
</Defs>