<?xml version="1.0" encoding="utf-8" ?>
<Defs>

  <PawnKindDef Abstract="True" Name="BaseFedPawnKindT">
    <race>Alien_Trill</race>
    <combatPower>40</combatPower>
    <baseRecruitDifficulty>0.70</baseRecruitDifficulty>
    <isFighter>false</isFighter>
    <apparelIgnoreSeasons>true</apparelIgnoreSeasons>
    <forceNormalGearQuality>true</forceNormalGearQuality>
  </PawnKindDef>

  <PawnKindDef Abstract="True" Name="BaseFedPawnKindA">
    <race>Alien_Andorian</race>
    <combatPower>40</combatPower>
    <baseRecruitDifficulty>0.70</baseRecruitDifficulty>
    <isFighter>false</isFighter>
    <apparelIgnoreSeasons>true</apparelIgnoreSeasons>
    <forceNormalGearQuality>true</forceNormalGearQuality>
  </PawnKindDef>
  
  <PawnKindDef Abstract="True" Name="BaseFedPawnKindB">
    <race>Alien_Betazoid</race>
    <combatPower>40</combatPower>
    <baseRecruitDifficulty>0.70</baseRecruitDifficulty>
    <isFighter>false</isFighter>
    <apparelIgnoreSeasons>true</apparelIgnoreSeasons>
    <forceNormalGearQuality>true</forceNormalGearQuality>
  </PawnKindDef>
  
  
  
  
  <!--==Base Pawn Player==-->
  <PawnKindDef ParentName="BaseFedPawnKindT">
    <defName>Trill</defName>
    <label>colonist</label>
    <defaultFactionType>PlayerColony</defaultFactionType>
    <backstoryCategories>
		<li>Trill</li>
		<li>Human</li>
		<li>Starfleet</li>
	</backstoryCategories>
    <apparelTags>
      <li>IndustrialBasic</li>
    </apparelTags>
    <apparelMoney>
      <min>500</min>
      <max>1000</max>
    </apparelMoney>
    <backstoryCryptosleepCommonality>1</backstoryCryptosleepCommonality>
  </PawnKindDef>
  
  <PawnKindDef ParentName="BaseFedPawnKindA">
    <defName>Andorian</defName>
    <label>colonist</label>
    <defaultFactionType>PlayerColony</defaultFactionType>
    <backstoryCategories>
		<li>Andorian</li>
		<li>Human</li>
		<li>Starfleet</li>
	</backstoryCategories>
    <apparelTags>
      <li>IndustrialBasic</li>
    </apparelTags>
    <apparelMoney>
      <min>500</min>
      <max>1000</max>
    </apparelMoney>
    <backstoryCryptosleepCommonality>1</backstoryCryptosleepCommonality>
  </PawnKindDef>
  
  <PawnKindDef ParentName="BaseFedPawnKindB">
    <defName>Betazoid</defName>
    <label>colonist</label>
    <defaultFactionType>PlayerColony</defaultFactionType>
    <backstoryCategories>
		<li>Betazoid</li>
		<li>Human</li>
		<li>Starfleet</li>
	</backstoryCategories>
    <apparelTags>
      <li>IndustrialBasic</li>
    </apparelTags>
    <apparelMoney>
      <min>500</min>
      <max>1000</max>
    </apparelMoney>
    <backstoryCryptosleepCommonality>1</backstoryCryptosleepCommonality>
  </PawnKindDef>

</Defs>