<?xml version="1.0" encoding="utf-8" ?>
<Defs>

  <ThingDef Name="BaseStarfleetGun" Abstract="True">
    <category>Item</category>
    <thingClass>ThingWithComps</thingClass>
    <equipmentType>Primary</equipmentType>
    <pathCost>10</pathCost>
    <useHitPoints>True</useHitPoints>
    <selectable>True</selectable>
    <graphicData>
      <onGroundRandomRotateAngle>35</onGroundRandomRotateAngle>
    </graphicData>
    <drawGUIOverlay>true</drawGUIOverlay>
    <statBases>
      <MaxHitPoints>100</MaxHitPoints>
      <Flammability>1.0</Flammability>
      <DeteriorationRate>2</DeteriorationRate>
      <SellPriceFactor>0.5</SellPriceFactor>
    </statBases>
    <altitudeLayer>Item</altitudeLayer>
    <alwaysHaulable>True</alwaysHaulable>
    <tickerType>Never</tickerType>
    <techLevel>Spacer</techLevel>
    <weaponTags>
       <li>Starfleet Phasers</li>
    </weaponTags>
    <thingCategories>
      <li>WeaponsRanged</li>
    </thingCategories>
    <inspectorTabs>
      <li>ITab_Art</li>
    </inspectorTabs>
    <comps>
      <li Class="CompProperties_Forbiddable"/>
      <li>
        <compClass>CompEquippable</compClass>
      </li>
      <li>
        <compClass>CompQuality</compClass>
      </li>
    </comps>
    <recipeMaker>
      <workSpeedStat>SmithingSpeed</workSpeedStat>
      <workSkill>Crafting</workSkill>
      <effectWorking>Smith</effectWorking>
      <soundWorking>Recipe_Smith</soundWorking>
      <recipeUsers>
        <li>ElectricSmithy</li>
      </recipeUsers>
      <unfinishedThingDef>UnfinishedGun</unfinishedThingDef>
    </recipeMaker>
    <smeltProducts>
      <Steel>20</Steel>
    </smeltProducts>
  </ThingDef>


  <ThingDef ParentName="BaseBullet">
    <defName>PhaserBeam</defName>
    <label>phaser beam</label>
    <graphicData>
      <texPath>Things/Weapons/Projectile/phaserbeam</texPath>
      <graphicClass>Graphic_Single</graphicClass>
    </graphicData>
    <projectile>
      <flyOverhead>false</flyOverhead>
      <damageDef>Burn</damageDef>
      <damageAmountBase>20</damageAmountBase>
      <stoppingPower>1.5</stoppingPower>
      <armorPenetrationBase>0.5</armorPenetrationBase>
      <speed>45</speed>
    </projectile>
  </ThingDef>
 
 
 
  <ThingDef ParentName="BaseStarfleetGun">
    <defName>Phaser_TypeTwo</defName>
    <label>Type 2 Phaser</label>
    <description>A small phaser, a beam weapon that can be used in one hand.</description>
    <graphicData>
      <texPath>Things/Weapons/Ranged/Phasers/phasertype2</texPath>
      <graphicClass>Graphic_Single</graphicClass>
      <drawSize>(1.0,1.0)</drawSize>
    </graphicData>
    <soundInteract>Metal_Drop</soundInteract>
    <costList>
      <Silver>150</Silver>
      <Plasteel>50</Plasteel>
	  <Gold>25</Gold>
    </costList>
    <statBases>
      <WorkToMake>2500</WorkToMake>
      <Mass>1.1</Mass>
      <AccuracyTouch>0.94</AccuracyTouch>
      <AccuracyShort>0.94</AccuracyShort>
      <AccuracyMedium>0.86</AccuracyMedium>
      <AccuracyLong>0.79</AccuracyLong>
      <RangedWeapon_Cooldown>1.4</RangedWeapon_Cooldown>
    </statBases>
    <weaponTags>
      <li>Starfleet Phasers</li>
    </weaponTags>
    <recipeMaker>
      <recipeUsers>
        <li>ElectricSmithy</li>
      </recipeUsers>
      <researchPrerequisite>ST_Phaser</researchPrerequisite>
    </recipeMaker>
    <verbs>
      <li>
        <verbClass>Verb_Shoot</verbClass>
        <hasStandardCommand>true</hasStandardCommand>
        <defaultProjectile>PhaserBeam</defaultProjectile>
		<burstShotCount>1</burstShotCount>
        <ticksBetweenBurstShots>1</ticksBetweenBurstShots>
        <warmupTime>1.0</warmupTime>
        <range>40</range>
        <soundCast>phaserbeamsound</soundCast>
      </li>
    </verbs>
  </ThingDef>

  

</Defs>
