<?xml version="1.0" encoding="utf-8" ?>
<Defs>

  <HediffDef>
    <defName>Trill_Joined_Hediff</defName>
    <hediffClass>HediffWithComps</hediffClass>
    <defaultLabelColor>(0.0, 0.8, 0.0)</defaultLabelColor>
    <label>Joined Trill</label>
    <stages>
      <li>
        <capMods>
          <li>
            <capacity>Manipulation</capacity>
            <offset>0.5</offset>
          </li>
          <li>
            <capacity>Sight</capacity>
            <offset>0.5</offset>
          </li>
        </capMods>
      </li>
    </stages>
    <spawnThingOnRemoved>TrillSymbiont</spawnThingOnRemoved>
  </HediffDef>
  
    <HediffDef>
    <defName>Removed_Symbiont</defName>
    <hediffClass>HediffWithComps</hediffClass>
    <defaultLabelColor>(0.0, 0.8, 0.0)</defaultLabelColor>
    <label>Removed Symbiont</label>
    <stages>
      <li>
        <capMods>
          <li>
            <capacity>Moving</capacity>
            <postFactor>0</postFactor>
          </li>
        </capMods>
      </li>
    </stages>
  </HediffDef>
  
</Defs>