<?xml version="1.0" encoding="utf-8" ?>
<Defs>

  <ThingDef Name="TwiApparelBase" Abstract="True">
    <thingClass>Apparel</thingClass>
    <category>Item</category>
    <selectable>True</selectable>
    <pathCost>10</pathCost>
    <useHitPoints>True</useHitPoints>
		<techLevel>Medieval</techLevel>
    <graphicData>
      <onGroundRandomRotateAngle>35</onGroundRandomRotateAngle>
    </graphicData>
    <drawGUIOverlay>true</drawGUIOverlay>
    <statBases>
      <MaxHitPoints>100</MaxHitPoints>
      <Flammability>1.0</Flammability>
      <DeteriorationRate>2</DeteriorationRate>
			<Beauty>-4</Beauty>
			<SellPriceFactor>0.70</SellPriceFactor>
		</statBases>
    <altitudeLayer>Item</altitudeLayer>
    <alwaysHaulable>True</alwaysHaulable>
    <tickerType>Never</tickerType>
    <comps>
      <li Class="CompProperties_Forbiddable"/>
      <li>
        <compClass>CompColorable</compClass>
      </li>
      <li>
        <compClass>CompQuality</compClass>
      </li>
    </comps>
  </ThingDef>

  <ThingDef Name="TwiApparelMakeableBase" ParentName="TwiApparelBase" Abstract="True">
    <recipeMaker>
      <workSpeedStat>TailoringSpeed</workSpeedStat>
      <workSkill>Crafting</workSkill>
      <effectWorking>Tailor</effectWorking>
      <soundWorking>Recipe_Tailor</soundWorking>
      <recipeUsers>
        <li>ElectricTailoringBench</li>
        <li>HandTailoringBench</li>
      </recipeUsers>
      <unfinishedThingDef>UnfinishedApparel</unfinishedThingDef>
    </recipeMaker>
  </ThingDef>

<ThingDef ParentName="ArmorSmithableBase">
    <defName>Apparel_Command</defName>
    <label>Starfleet Command Uniform</label>
    <description>A red star fleet uniform</description>
    <techLevel>Spacer</techLevel>
    <recipeMaker>
      <researchPrerequisite>ST_Uniforms</researchPrerequisite>
      <unfinishedThingDef>UnfinishedApparel</unfinishedThingDef>
    </recipeMaker>
    <graphicData>
      <texPath>Things/Uniforms/DS9/DS9_R</texPath>
      <graphicClass>Graphic_Single</graphicClass>
    </graphicData>
    <statBases>
      <WorkToMake>8000</WorkToMake>
      <MaxHitPoints>150</MaxHitPoints>
      <MarketValue>250</MarketValue>
      <ArmorRating_Blunt>0.35</ArmorRating_Blunt>
      <ArmorRating_Sharp>0.65</ArmorRating_Sharp>
      <ArmorRating_Heat>0.30</ArmorRating_Heat>
      <Insulation_Cold>-45</Insulation_Cold>
	  <Mass>1.2</Mass>
    </statBases>
    <costList>
      <Cloth>60</Cloth>
    </costList>
    <thingCategories>
      <li>Apparel</li>
    </thingCategories>
    <equippedStatOffsets>
      <MoveSpeed>-0.05</MoveSpeed>
    </equippedStatOffsets>
    <apparel>
	<layers>
    <li>OnSkin</li>
    </layers>
      <bodyPartGroups>
        <li>Torso</li>
		<li>Shoulders</li>
        <li>Arms</li>
		<li>Legs</li>
      </bodyPartGroups>
      <wornGraphicPath>Things/Uniforms/DS9/DS9_R</wornGraphicPath>
		<tags>
		<li>Starfleet</li>
		</tags>
		</apparel>
		</ThingDef>
		
<ThingDef ParentName="ArmorSmithableBase">
    <defName>Apparel_Science</defName>
    <label>Starfleet Science Uniform</label>
    <description>A blue star fleet uniform</description>
    <techLevel>Spacer</techLevel>
    <recipeMaker>
	 <researchPrerequisite>ST_Uniforms</researchPrerequisite>
     <unfinishedThingDef>UnfinishedApparel</unfinishedThingDef>
    </recipeMaker>
    <graphicData>
      <texPath>Things/Uniforms/DS9/DS9_B</texPath>
      <graphicClass>Graphic_Single</graphicClass>
    </graphicData>
    <statBases>
      <WorkToMake>8000</WorkToMake>
      <MaxHitPoints>150</MaxHitPoints>
      <MarketValue>250</MarketValue>
      <ArmorRating_Blunt>0.35</ArmorRating_Blunt>
      <ArmorRating_Sharp>0.65</ArmorRating_Sharp>
      <ArmorRating_Heat>0.30</ArmorRating_Heat>
      <Insulation_Cold>-45</Insulation_Cold>
	  <Mass>1.2</Mass>
    </statBases>
    <costList>
      <Cloth>60</Cloth>
    </costList>
    <thingCategories>
      <li>Apparel</li>
    </thingCategories>
    <equippedStatOffsets>
      <MoveSpeed>-0.05</MoveSpeed>
    </equippedStatOffsets>
    <apparel>
	<layers>
    <li>OnSkin</li>
    </layers>
      <bodyPartGroups>
        <li>Torso</li>
		<li>Shoulders</li>
        <li>Arms</li>
		<li>Legs</li>
      </bodyPartGroups>
      <wornGraphicPath>Things/Uniforms/DS9/DS9_B</wornGraphicPath>
		<tags>
		<li>Starfleet</li>
		</tags>
		</apparel>
		</ThingDef>				

<ThingDef ParentName="ArmorSmithableBase">
    <defName>Apparel_Ops</defName>
    <label>Starfleet Operations Uniform</label>
    <description>A yellow star fleet uniform</description>
    <techLevel>Spacer</techLevel>
    <recipeMaker>
	 <researchPrerequisite>ST_Uniforms</researchPrerequisite>
     <unfinishedThingDef>UnfinishedApparel</unfinishedThingDef>
    </recipeMaker>
    <graphicData>
      <texPath>Things/Uniforms/DS9/DS9_Y</texPath>
      <graphicClass>Graphic_Single</graphicClass>
    </graphicData>
    <statBases>
      <WorkToMake>8000</WorkToMake>
      <MaxHitPoints>150</MaxHitPoints>
      <MarketValue>250</MarketValue>
      <ArmorRating_Blunt>0.35</ArmorRating_Blunt>
      <ArmorRating_Sharp>0.65</ArmorRating_Sharp>
      <ArmorRating_Heat>0.30</ArmorRating_Heat>
      <Insulation_Cold>-45</Insulation_Cold>
	  <Mass>1.2</Mass>
    </statBases>
    <costList>
      <Cloth>60</Cloth>
    </costList>
    <thingCategories>
      <li>Apparel</li>
    </thingCategories>
    <equippedStatOffsets>
      <MoveSpeed>-0.05</MoveSpeed>
    </equippedStatOffsets>
    <apparel>
	<layers>
    <li>OnSkin</li>
    </layers>
      <bodyPartGroups>
        <li>Torso</li>
		<li>Shoulders</li>
        <li>Arms</li>
		<li>Legs</li>
      </bodyPartGroups>
      <wornGraphicPath>Things/Uniforms/DS9/DS9_Y</wornGraphicPath>
		<tags>
		<li>Starfleet</li>
		</tags>
		</apparel>
		</ThingDef>			
  

</Defs>
