<?xml version="1.0" encoding="utf-8" ?>
<Defs>



<ThingDef ParentName="ArmorSmithableBase">
    <defName>Apparel_Command</defName>
    <label>Starfleet Command Uniform</label>
    <description>A red star fleet uniform</description>
    <techLevel>Spacer</techLevel>
    <recipeMaker>
      <researchPrerequisite>ST_Uniforms</researchPrerequisite>
      <unfinishedThingDef>UnfinishedApparel</unfinishedThingDef>
    </recipeMaker>
    <graphicData>
      <texPath>Things/Uniforms/DS9/DS9_R</texPath>
      <graphicClass>Graphic_Single</graphicClass>
    </graphicData>
    <statBases>
      <WorkToMake>8000</WorkToMake>
      <MaxHitPoints>150</MaxHitPoints>
      <MarketValue>250</MarketValue>
      <ArmorRating_Blunt>0.25</ArmorRating_Blunt>
      <ArmorRating_Sharp>0.15</ArmorRating_Sharp>
	  <Insulation_Cold>-21</Insulation_Cold>
	  <Insulation_Heat>40</Insulation_Heat>
	  <Mass>1.2</Mass>
    </statBases>
    <costList>
      <Cloth>60</Cloth>
    </costList>
    <thingCategories>
      <li>Apparel</li>
    </thingCategories>
    <equippedStatOffsets>
      <MoveSpeed>-0.05</MoveSpeed>
    </equippedStatOffsets>
    <apparel>
	<layers>
    <li>OnSkin</li>
    </layers>
      <bodyPartGroups>
        <li>Torso</li>
		<li>Shoulders</li>
        <li>Arms</li>
		<li>Legs</li>
      </bodyPartGroups>
      <wornGraphicPath>Things/Uniforms/DS9/DS9_R</wornGraphicPath>
		<tags>
		<li>ST_DS9_Uniforms</li>
		</tags>
		</apparel>
		</ThingDef>
		
<ThingDef ParentName="ArmorSmithableBase">
    <defName>Apparel_Science</defName>
    <label>Starfleet Science Uniform</label>
    <description>A blue star fleet uniform</description>
    <techLevel>Spacer</techLevel>
    <recipeMaker>
	 <researchPrerequisite>ST_Uniforms</researchPrerequisite>
     <unfinishedThingDef>UnfinishedApparel</unfinishedThingDef>
    </recipeMaker>
    <graphicData>
      <texPath>Things/Uniforms/DS9/DS9_B</texPath>
      <graphicClass>Graphic_Single</graphicClass>
    </graphicData>
    <statBases>
      <WorkToMake>8000</WorkToMake>
      <MaxHitPoints>150</MaxHitPoints>
      <MarketValue>250</MarketValue>
      <ArmorRating_Blunt>0.25</ArmorRating_Blunt>
      <ArmorRating_Sharp>0.15</ArmorRating_Sharp>
	  <Insulation_Cold>-21</Insulation_Cold>
	  <Insulation_Heat>40</Insulation_Heat>
	  <Mass>1.2</Mass>
    </statBases>
    <costList>
      <Cloth>60</Cloth>
    </costList>
    <thingCategories>
      <li>Apparel</li>
    </thingCategories>
    <equippedStatOffsets>
      <MoveSpeed>-0.05</MoveSpeed>
    </equippedStatOffsets>
    <apparel>
	<layers>
    <li>OnSkin</li>
    </layers>
      <bodyPartGroups>
        <li>Torso</li>
		<li>Shoulders</li>
        <li>Arms</li>
		<li>Legs</li>
      </bodyPartGroups>
      <wornGraphicPath>Things/Uniforms/DS9/DS9_B</wornGraphicPath>
		<tags>
		<li>ST_DS9_Uniforms</li>
		</tags>
		</apparel>
		</ThingDef>				

<ThingDef ParentName="ArmorSmithableBase">
    <defName>Apparel_Ops</defName>
    <label>Starfleet Operations Uniform</label>
    <description>A yellow star fleet uniform</description>
    <techLevel>Spacer</techLevel>
    <recipeMaker>
	 <researchPrerequisite>ST_Uniforms</researchPrerequisite>
     <unfinishedThingDef>UnfinishedApparel</unfinishedThingDef>
    </recipeMaker>
    <graphicData>
      <texPath>Things/Uniforms/DS9/DS9_Y</texPath>
      <graphicClass>Graphic_Single</graphicClass>
    </graphicData>
    <statBases>
      <WorkToMake>8000</WorkToMake>
      <MaxHitPoints>150</MaxHitPoints>
      <MarketValue>250</MarketValue>
      <ArmorRating_Blunt>0.25</ArmorRating_Blunt>
      <ArmorRating_Sharp>0.15</ArmorRating_Sharp>
	  <Insulation_Cold>-21</Insulation_Cold>
	  <Insulation_Heat>40</Insulation_Heat>
	  <Mass>1.2</Mass>
    </statBases>
    <costList>
      <Cloth>60</Cloth>
    </costList>
    <thingCategories>
      <li>Apparel</li>
    </thingCategories>
    <equippedStatOffsets>
      <MoveSpeed>-0.05</MoveSpeed>
    </equippedStatOffsets>
    <apparel>
	<layers>
    <li>OnSkin</li>
    </layers>
      <bodyPartGroups>
        <li>Torso</li>
		<li>Shoulders</li>
        <li>Arms</li>
		<li>Legs</li>
      </bodyPartGroups>
      <wornGraphicPath>Things/Uniforms/DS9/DS9_Y</wornGraphicPath>
		<tags>
		<li>ST_DS9_Uniforms</li>
		</tags>
		</apparel>
		</ThingDef>			
  

</Defs>
