<?xml version="1.0" encoding="utf-8" ?>
<Defs>



  <ThingDef ParentName="BaseProjectileNeolithic">
    <defName>Phaser Beam</defName>
    <label>phaser beam</label>
    <graphicData>
      <texPath>Things/Projectile/beam</texPath>
      <graphicClass>Graphic_Single</graphicClass>
    </graphicData>
    <projectile>
      <flyOverhead>false</flyOverhead>
      <damageDef>ArrowHighVelocity</damageDef>
      <damageAmountBase>20</damageAmountBase>
      <stoppingPower>1.5</stoppingPower>
      <armorPenetrationBase>0.5</armorPenetrationBase>
      <speed>45</speed>
    </projectile>
  </ThingDef>
  
  <ThingDef ParentName="BaseWeaponNeolithic">
    <defName>Phaser2</defName>
    <label>Type 2 Phaser</label>
    <description>A small phaser, a beam weapon that can be used in one hand..</description>
    <graphicData>
      <texPath>Things/Item/Equipment/WeaponRanged/LotRE_NoldorinBow</texPath>
      <graphicClass>Graphic_Single</graphicClass>
      <drawSize>(2.0,2.0)</drawSize>
    </graphicData>
    <soundInteract>phaserbeam</soundInteract>
    <costList>
      <Silver>150</Silver>
      <Plasteel>45</Plasteel>
    </costList>
    <statBases>
      <WorkToMake>2500</WorkToMake>
      <Mass>1.1</Mass>
      <AccuracyTouch>0.94</AccuracyTouch>
      <AccuracyShort>0.94</AccuracyShort>
      <AccuracyMedium>0.86</AccuracyMedium>
      <AccuracyLong>0.79</AccuracyLong>
      <RangedWeapon_Cooldown>1.4</RangedWeapon_Cooldown>
    </statBases>
    <weaponTags>
      <li>Starfleet</li>
    </weaponTags>
    <recipeMaker>
      <recipeUsers>
        <li>ElectricSmithy</li>
        <li>FueledSmithy</li>
      </recipeUsers>
      <researchPrerequisite>starfleet weapons</researchPrerequisite>
    </recipeMaker>
    <verbs>
      <li>
        <verbClass>Verb_Shoot</verbClass>
        <hasStandardCommand>true</hasStandardCommand>
        <defaultProjectile>phaser beam</defaultProjectile>
        <warmupTime>1.4</warmupTime>
        <range>46</range>
        <soundCast>phaserbeam</soundCast>
      </li>
    </verbs>
    <tools>
      <li>
        <label>beam</label>
        <capacities>
          <li>burn</li>
        </capacities>
        <power>8</power>
        <cooldownTime>1.2</cooldownTime>
      </li>
    </tools>
  </ThingDef>

  

</Defs>
