﻿<?xml version="1.0" encoding="utf-8" ?>
<Defs>

  <!-- ============================ Pantoran Base ========================== -->

  <PawnKindDef Name="PantoranBase" Abstract="True">
    <defaultFactionType>Pantoran</defaultFactionType>
    <race>Alien_Pantoran</race>
    <chemicalAddictionChance>0.035</chemicalAddictionChance>
    <baseRecruitDifficulty>0.70</baseRecruitDifficulty>
    <backstoryCategories>
		<li>Pantoran</li>
		<li>Human</li>
	</backstoryCategories>
    <apparelAllowHeadgearChance>0.5</apparelAllowHeadgearChance>
    <apparelTags>
      <li>IndustrialBasic</li>
      <li>IndustrialAdvanced</li>
      <li>IndustrialMilitaryBasic</li>
      <li>IndustrialMilitaryAdvanced</li>
    </apparelTags>
  </PawnKindDef>
  
  <!-- ============================ Pantoran Civilian Base ========================== -->

  <PawnKindDef Name="PantoranCivBase" ParentName="PantoranBase" Abstract="True">
    <combatPower>25</combatPower>
    <itemQuality>Poor</itemQuality>
    <isFighter>false</isFighter>
    <gearHealthRange>
      <min>0.2</min>
      <max>2.0</max>
    </gearHealthRange>
    <apparelMoney>
      <min>300</min>
      <max>900</max>
    </apparelMoney>
	<backstoryCategories>
		<li>Pantoran</li>
	</backstoryCategories>
    <weaponMoney>
      <min>0</min>
      <max>250</max>
    </weaponMoney>
    <weaponTags>
      <li>Gun</li>
      <li>NonNeolithicOnlyMelee</li>
    </weaponTags>
    <techHediffsMoney>
      <min>200</min>
      <max>300</max>
    </techHediffsMoney>
    <techHediffsTags>
      <li>Simple</li>
    </techHediffsTags>
    <techHediffsChance>0.001</techHediffsChance>
    <invNutrition>2.55</invNutrition>
    <inventoryOptions>
      <skipChance>0.75</skipChance>
      <subOptionsChooseOne>
        <li>
          <choiceChance>90</choiceChance>
          <thingDef>Silver</thingDef>
          <countRange>
            <min>25</min>
            <max>70</max>
          </countRange>
        </li>
        <li>
          <choiceChance>10</choiceChance>
          <thingDef>Silver</thingDef>
          <countRange>
            <min>700</min>
            <max>1000</max>
          </countRange>
        </li>
      </subOptionsChooseOne>
    </inventoryOptions>
  </PawnKindDef>
  
  <!-- ============================ Pantoran Civilians ========================== -->
    <PawnKindDef ParentName="PantoranCivBase">
    <defName>PantoranRefugee</defName>
    <label>Refugee</label>
    <race>Alien_Pantoran</race>
	<backstoryCategories>
		<li>Pantoran</li>
	</backstoryCategories>
	<weaponMoney>
      <min>0</min>
      <max>0</max>
    </weaponMoney>
  </PawnKindDef>
  
    <PawnKindDef ParentName="PantoranCivBase">
    <defName>PantoranSlave</defName>
    <label>Slave</label>
    <race>Alien_Pantoran</race>
	<backstoryCategories>
		<li>Pantoran</li>
	</backstoryCategories>
	<weaponMoney>
      <min>0</min>
      <max>0</max>
    </weaponMoney>
  </PawnKindDef>
 
   <PawnKindDef ParentName="PantoranCivBase">
    <defName>PantoranTrader</defName>
    <label>Trader</label>
    <race>Alien_Pantoran</race>
	<backstoryCategories>
		<li>Pantoran</li>
	</backstoryCategories>
	<weaponMoney>
      <min>0</min>
      <max>0</max>
    </weaponMoney>
  </PawnKindDef>
  
  <PawnKindDef ParentName="PantoranCivBase">
    <defName>PantoranColonist</defName>
    <label>Colonist</label>
    <race>Alien_Pantoran</race>
	<backstoryCategories>
		<li>Pantoran</li>
	</backstoryCategories>
	<weaponMoney>
      <min>0</min>
      <max>0</max>
    </weaponMoney>
  </PawnKindDef>

  <PawnKindDef ParentName="PantoranCivBase">
    <defName>PantoranRuler</defName>
    <race>Alien_Pantoran</race>
    <label>Governor</label>
    <labelPlural>Governor</labelPlural>
    <factionLeader>true</factionLeader>
    <minGenerationAge>30</minGenerationAge>
    <maxGenerationAge>90</maxGenerationAge>
	<weaponMoney>
      <min>200</min>
      <max>800</max>
    </weaponMoney>
	<backstoryCategories>
		<li>Pantoran</li>
	</backstoryCategories>
  </PawnKindDef>
 
  
  <!-- ============================ Pantoran Guards ========================== -->
  
  <PawnKindDef Name="PantoranGuard" ParentName="PantoranCivBase">
    <defName>PantoranGuard</defName>
    <label>Guard</label>
    <race>Alien_Pantoran</race>
    <combatPower>50</combatPower>
    <maxGenerationAge>35</maxGenerationAge>
    <gearHealthRange>
      <min>0.5</min>
      <max>1.8</max>
    </gearHealthRange>
    <apparelMoney>
      <min>300</min>
      <max>900</max>
    </apparelMoney>
	<backstoryCategories>
		<li>Pantoran</li>
	</backstoryCategories>
    <weaponMoney>
      <min>200</min>
      <max>800</max>
    </weaponMoney>
    <weaponTags>
      <li>Gun</li>
    </weaponTags>
    <techHediffsMoney>
      <min>200</min>
      <max>500</max>
    </techHediffsMoney>
    <techHediffsTags>
      <li>Simple</li>
    </techHediffsTags>
    <techHediffsChance>0.001</techHediffsChance>
    <invNutrition>2.55</invNutrition>
    <inventoryOptions>
      <skipChance>0.95</skipChance>
      <thingDef>Silver</thingDef>
      <countRange>
        <min>30</min>
        <max>100</max>
      </countRange>
    </inventoryOptions>
  </PawnKindDef>
  
  <!-- ============================ Pantoran Military Base ========================== -->
  
  <PawnKindDef Name="PantoranMilBase" ParentName="PantoranBase" Abstract="True">
    <chemicalAddictionChance>0</chemicalAddictionChance>
    <isFighter>true</isFighter>
    <invNutrition>2.55</invNutrition>
    <itemQuality>Normal</itemQuality>
    <maxGenerationAge>30</maxGenerationAge>
    <gearHealthRange>
      <min>0.7</min>
      <max>2.3</max>
    </gearHealthRange>
    <apparelTags>
      <li>IndustrialBasic</li>
      <li>IndustrialAdvanced</li>
      <li>IndustrialMilitaryBasic</li>
      <li>IndustrialMilitaryAdvanced</li>
      <li>SpacerMilitary</li>
      <li>BeltDefensePop</li>
    </apparelTags>
    <apparelMoney>
      <min>1500</min>
      <max>2800</max>
    </apparelMoney>
	<backstoryCategories>
		<li>Pantoran</li>
	</backstoryCategories>
    <weaponMoney>
      <min>400</min>
      <max>1000</max>
    </weaponMoney>
    <weaponTags>
      <li>Gun</li>
    </weaponTags>
    <techHediffsMoney>
      <min>1000</min>
      <max>1500</max>
    </techHediffsMoney>
    <inventoryOptions>
      <skipChance>0.8</skipChance>
      <subOptionsChooseOne>
        <li>
          <thingDef>Silver</thingDef>
          <countRange>
            <min>50</min>
            <max>200</max>
          </countRange>
        </li>
        <li>
          <thingDef>MedicineIndustrial</thingDef>
          <countRange>
            <min>1</min>
            <max>1</max>
          </countRange>
        </li>
      </subOptionsChooseOne>
    </inventoryOptions>
  </PawnKindDef>
  
  <!-- ============================ Pantoran Military ========================== -->
  
  <PawnKindDef ParentName="PantoranMilBase">
    <defName>PantoranRecruit</defName>
    <label>Recruit</label>
    <combatPower>70</combatPower>
    <race>Alien_Pantoran</race>
	<backstoryCategories>
		<li>Pantoran</li>
	</backstoryCategories>
  </PawnKindDef>
  
  <PawnKindDef Name="PantoranSoldier" ParentName="PantoranMilBase">
    <defName>PantoranSoldier</defName>
    <label>Soldier</label>
    <race>Alien_Pantoran</race>
    <combatPower>90</combatPower>
    <minGenerationAge>25</minGenerationAge>
    <gearHealthRange>
      <min>0.7</min>
      <max>2.3</max>
    </gearHealthRange>
   <apparelTags>
      <li>IndustrialBasic</li>
      <li>IndustrialAdvanced</li>
      <li>IndustrialMilitaryBasic</li>
      <li>IndustrialMilitaryAdvanced</li>
      <li>SpacerMilitary</li>
      <li>BeltDefensePop</li>
    </apparelTags>
    <apparelMoney>
      <min>1500</min>
      <max>2500</max>
    </apparelMoney>
	<backstoryCategories>
		<li>PantoranSoldier</li>
	</backstoryCategories>
    <weaponMoney>
      <min>1200</min>
      <max>1800</max>
    </weaponMoney>
    <weaponTags>
      <li>SniperRifle</li>
    </weaponTags>
    <techHediffsMoney>
      <min>1000</min>
      <max>1500</max>
    </techHediffsMoney>
    <combatEnhancingDrugsCount>
      <min>0</min>
      <max>2</max>
    </combatEnhancingDrugsCount>
    <techHediffsTags>
      <li>Advanced</li>
    </techHediffsTags>
    <techHediffsChance>0.003</techHediffsChance>
    <inventoryOptions>
      <skipChance>0.8</skipChance>
      <subOptionsChooseOne>
        <li>
          <thingDef>Silver</thingDef>
          <countRange>
            <min>50</min>
            <max>200</max>
          </countRange>
        </li>
        <li>
          <thingDef>MedicineIndustrial</thingDef>
          <countRange>
            <min>1</min>
            <max>1</max>
          </countRange>
        </li>
      </subOptionsChooseOne>
    </inventoryOptions>
  </PawnKindDef>
  


</Defs>
