<?xml version="1.0" encoding="utf-8" ?>
<Defs>

 <ThingDef ParentName="BodyPartBase">
	<defName>TrillSymbiont</defName>
		<label>Trill Symbiont</label>
	<description>A Trill symbiont.</description>
	<graphicData>
	<texPath>Things/Races/Misc/Implants/TrillSymbiont</texPath>
	<graphicClass>Graphic_Single</graphicClass>
		<drawSize>0.80</drawSize>
	</graphicData>
	<recipeMaker>
		<workSpeedStat>GeneralLaborSpeed</workSpeedStat>
		<workSkill>Crafting</workSkill>
		<effectWorking>Smith</effectWorking>
		<soundWorking>Recipe_Smith</soundWorking>
		<recipeUsers>
			<li>FabricationBench</li>
		</recipeUsers>
		<unfinishedThingDef>UnfinishedComponent</unfinishedThingDef>
		<skillRequirements>
			<Crafting>8</Crafting>
		</skillRequirements>
		<researchPrerequisite>MicroelectronicsBasics</researchPrerequisite>
	</recipeMaker>
	<techLevel>Industrial</techLevel>
	<costList>
		<Plasteel>10</Plasteel>
		<ComponentSpacer>4</ComponentSpacer>
	</costList>
	<statBases>
		<WorkToMake>38000</WorkToMake>
		<Mass>0.3</Mass>
	</statBases>
	<techHediffsTags>
		<li>Advanced</li>
	</techHediffsTags>
 </ThingDef>
 

</Defs>