﻿<?xml version="1.0" encoding="utf-8" ?>
<Defs>

  <ThingDef ParentName="BuildingBase">
    <defName>FencingFoil</defName>
    <label>fencing foil</label>
    <description>A Fencing Foil is a weapon for those wishing to practice swordfighting, with much fewer risks.</description>
    <graphicData>
      <texPath>Things/Building/Joy/FFoil</texPath>
      <graphicClass>Graphic_Single</graphicClass>
      <shadowData>
        <volume>(0.08, 0.2, 0.08)</volume>
        <offset>(0, 0, -0.1)</offset>
      </shadowData>
      <damageData>
        <rect>(0.3,0.3,0.4,0.4)</rect>
      </damageData>
    </graphicData>
    <minifiedDef>MinifiedThing</minifiedDef>
    <altitudeLayer>Building</altitudeLayer>
    <rotatable>false</rotatable>
    <socialPropernessMatters>true</socialPropernessMatters>
    <minTechLevelToBuild>Medieval</minTechLevelToBuild>
    <thingCategories>
      <li>BuildingsJoy</li>
    </thingCategories>
    <statBases>
      <MaxHitPoints>75</MaxHitPoints>
      <WorkToBuild>100</WorkToBuild>
      <Mass>3</Mass>
      <Flammability>1.0</Flammability>
      <JoyGainFactor>1</JoyGainFactor>
    </statBases>
    <stuffCategories>
      <li>Metallic</li>
    </stuffCategories>
    <building>
      <joyKind>Gaming_Dexterity</joyKind>
      <watchBuildingStandDistanceRange>
        <min>5</min>
        <max>5</max>
      </watchBuildingStandDistanceRange>
			<watchBuildingStandRectWidth>3</watchBuildingStandRectWidth>
    </building>
    <costStuffCount>10</costStuffCount>
    <pathCost>10</pathCost>
    <designationCategory>Joy</designationCategory>
    <designationHotKey>Misc1</designationHotKey>
		<comps>
			<li Class="CompProperties_RoomIdentifier">
				<roomStat>Impressiveness</roomStat>
			</li>
		</comps>
  </ThingDef>

  <ThingDef ParentName="FurnitureWithQualityBase">
    <defName>Padd</defName>
    <label>padd</label>
    <description>A compact hand-held computer interface used by many wrap-capable species. It can store and access information, and as such is great for reading.</description>
    <graphicData>
      <texPath>Things/Building/Joy/Padd</texPath>
      <graphicClass>Graphic_Single</graphicClass>
      <shaderType>CutoutComplex</shaderType>
      <drawSize>(4,4)</drawSize>
      <shadowData>
        <volume>(1.6, 0.3, 1.6)</volume>
        <offset>(0, 0, -0.15)</offset>
      </shadowData>
    </graphicData>
    <rotatable>false</rotatable>
    <altitudeLayer>Building</altitudeLayer>
    <socialPropernessMatters>true</socialPropernessMatters>
    <fillPercent>0.40</fillPercent>
    <building>
      <joyKind>Gaming_Cerebral</joyKind>
    </building>
    <statBases>
      <MaxHitPoints>250</MaxHitPoints>
      <WorkToBuild>10000</WorkToBuild>
      <Mass>120</Mass>
      <Flammability>1.0</Flammability>
      <Beauty>0</Beauty>
      <JoyGainFactor>1.3</JoyGainFactor>
    </statBases>
    <size>(2,2)</size>
    <stuffCategories>
      <li>Metallic</li>
    </stuffCategories>
    <costStuffCount>50</costStuffCount>
    <costList>
      <Cloth>50</Cloth>
      <WoodLog>25</WoodLog>
    </costList>
    <pathCost>70</pathCost>
    <passability>PassThroughOnly</passability>
    <designationCategory>Joy</designationCategory>
    <designationHotKey>Misc5</designationHotKey>
    <canOverlapZones>false</canOverlapZones>
    <researchPrerequisites>
      <li>ST_Replication</li>
    </researchPrerequisites>
    <comps>
      <li Class="CompProperties_RoomIdentifier">
        <roomStat>Impressiveness</roomStat>
      </li>
    </comps>
    <constructionSkillPrerequisite>6</constructionSkillPrerequisite>
    <uiIconScale>0.9</uiIconScale>
  </ThingDef>
  
  <ThingDef ParentName="FurnitureWithQualityBase">
    <defName>Padd</defName>
    <label>padd</label>
    <description>A compact hand-held computer interface used by many wrap-capable species. It can store and access information, and as such is great for reading.</description>
    <graphicData>
      <texPath>Things/Building/Joy/Padd</texPath>
      <graphicClass>Graphic_Single</graphicClass>
      <shadowData>
        <volume>(0.65, 0.25, 0.6)</volume>
        <offset>(0, 0, -0.15)</offset>
      </shadowData>
    </graphicData>
    <altitudeLayer>Building</altitudeLayer>
    <rotatable>false</rotatable>
    <socialPropernessMatters>true</socialPropernessMatters>
    <fillPercent>0.40</fillPercent>
    <minTechLevelToBuild>Spacer</minTechLevelToBuild>
    <building>
      <joyKind>Gaming_Cerebral</joyKind>
    </building>
    <researchPrerequisites>
      <li>ST_Replication</li>
    </researchPrerequisites>
    <statBases>
      <MaxHitPoints>100</MaxHitPoints>
      <WorkToBuild>1000</WorkToBuild>
      <Mass>5</Mass>
      <Flammability>1.0</Flammability>
      <Beauty>5</Beauty>
      <JoyGainFactor>1.3</JoyGainFactor>
    </statBases>
    <stuffCategories>
      <li>Metallic</li>
    </stuffCategories>
    <costStuffCount>70</costStuffCount>
    <pathCost>50</pathCost>
    <passability>PassThroughOnly</passability>
    <designationCategory>Joy</designationCategory>
    <designationHotKey>Misc2</designationHotKey>
		<comps>
			<li Class="CompProperties_RoomIdentifier">
				<roomStat>Impressiveness</roomStat>
			</li>
		</comps>
  </ThingDef>
  
</Defs>
