<?xml version="1.0" encoding="utf-8" ?>
<Defs>

  <TraitDef>
    <defName>StarfleetRanks</defName>
    <commonality>2</commonality>
    <degreeDatas>
      <li>
        <label>Ensign</label>
        <description>This person holds the rank of Ensign, the lowest officer rank.</description>
		<degree>1</degree>
		<statOffsets>
        <WorkSpeedGlobal>0.20</WorkSpeedGlobal>
		</statOffsets>
      </li>
	  <li>
        <label>Lieutenant Junior-Grade</label>
        <description>This person holds the rank of Lieutenant Junior-Grade.</description>
		<degree>2</degree>
		<statOffsets>
		<WorkSpeedGlobal>0.20</WorkSpeedGlobal>
		</statOffsets>
      </li>
	   <li>
        <label>Lieutenant</label>
        <description>This person holds the rank of Lieutenant.</description>
		<degree>3</degree>
		<statOffsets>
	    <WorkSpeedGlobal>0.20</WorkSpeedGlobal>
		</statOffsets>
      </li>
	   <li>
        <label>Lieutenant-Commander</label>
        <description>This person holds the rank of Lieutenant-Commander.</description>
		<degree>4</degree>
		<statOffsets>
		<WorkSpeedGlobal>0.25</WorkSpeedGlobal>
		</statOffsets>
      </li>
	  <li>
        <label>Commander</label>
        <description>This person holds the rank of Commander.</description>
		<degree>5</degree>
		<statOffsets>
		<WorkSpeedGlobal>0.25</WorkSpeedGlobal>
		</statOffsets>
      </li>
	  <li>
        <label>Captain</label>
        <description>This person holds the rank of Captain, the highest officer rank currently stationed on this planet.</description>
		<degree>6</degree>
		<statOffsets>
		<WorkSpeedGlobal>0.30</WorkSpeedGlobal>
		</statOffsets>
      </li>
    </degreeDatas>
  </TraitDef>
		  
		  
  
  
  
</Defs>
