<?xml version="1.0" encoding="utf-8" ?>
<Defs>
<AlienRace.RaceSettings>
        <defName>AndorianRaceSettings</defName>
            <pawnKindSettings>
            <alienslavekinds>
                <li>
                    <kindDefs>
                        <li>andorianColonist01</li>
						<li>andorianColonist02</li>
                    </kindDefs>
                    <chance>20.0</chance>
                </li>
            </alienslavekinds>
            <alienrefugeekinds>
                <li>
                    <kindDefs>
						<li>andorianHunter</li>
						<li>andorianCommando</li>
						<li>andorianColonist</li>
						<li>andorianCommandoElite</li>
						<li>andorianRuler</li>
						<li>andorianRecruit</li>
                    </kindDefs>
                    <chance>50.0</chance>
                </li>
            </alienrefugeekinds>
            <alienwandererkinds>
                <li>
                    <pawnKindEntries>
                        <li>
                            <kindDefs>
								<li>andorianHunter</li>
								<li>andorianCommando</li>
								<li>andorianColonist</li>
								<li>andorianCommandoElite</li>
								<li>andorianRuler</li>
								<li>andorianRecruit</li>
                            </kindDefs>
                            <chance>50.0</chance>
                        </li>
                    </pawnKindEntries>
                    <factionDefs>
                        <li>PlayerColony</li> 
                    </factionDefs>
                </li>
            </alienwandererkinds>
        </pawnKindSettings>
</AlienRace.RaceSettings>
</Defs>