<?xml version="1.0" encoding="utf-8" ?>
<Defs>
<AlienRace.RaceSettings>
        <defName>BetazoidRaceSettings</defName>
            <pawnKindSettings>
            <alienslavekinds>
                <li>
                    <kindDefs>
                        <li>betazoidColonist01</li>
						<li>betazoidColonist02</li>
                    </kindDefs>
                    <chance>50.0</chance>
                </li>
            </alienslavekinds>
            <alienrefugeekinds>
                <li>
                    <kindDefs>
						<li>betazoidHunter</li>
						<li>betazoidCommando</li>
						<li>betazoidColonist</li>
						<li>betazoidCommandoElite</li>
						<li>betazoidRuler</li>
						<li>betazoidRecruit</li>
                    </kindDefs>
                    <chance>70.0</chance>
                </li>
            </alienrefugeekinds>
            <alienwandererkinds>
                <li>
                    <pawnKindEntries>
                        <li>
                            <kindDefs>
								<li>betazoidHunter</li>
								<li>betazoidCommando</li>
								<li>betazoidColonist</li>
								<li>betazoidCommandoElite</li>
								<li>betazoidRuler</li>
								<li>betazoidRecruit</li>
                            </kindDefs>
                            <chance>70.0</chance>
                        </li>
                    </pawnKindEntries>
                    <factionDefs>
                        <li>PlayerColony</li> 
                    </factionDefs>
                </li>
            </alienwandererkinds>
        </pawnKindSettings>
</AlienRace.RaceSettings>
</Defs>