<?xml version="1.0" encoding="utf-8" ?>
<Defs>
<AlienRace.RaceSettings>
        <defName>KlingonRaceSettings</defName>
            <pawnKindSettings>
            <alienslavekinds>
                <li>
                    <kindDefs>
                        <li>klingonColonist01</li>
						<li>klingonColonist02</li>
                    </kindDefs>
                    <chance>50.0</chance>
                </li>
            </alienslavekinds>
            <alienrefugeekinds>
                <li>
                    <kindDefs>
						<li>klingonHunter</li>
						<li>klingonCommando</li>
						<li>klingonColonist</li>
						<li>klingonCommandoElite</li>
						<li>klingonRuler</li>
						<li>klingonRecruit</li>
                    </kindDefs>
                    <chance>70.0</chance>
                </li>
            </alienrefugeekinds>
            <alienwandererkinds>
                <li>
                    <pawnKindEntries>
                        <li>
                            <kindDefs>
								<li>klingonHunter</li>
								<li>klingonCommando</li>
								<li>klingonColonist</li>
								<li>klingonCommandoElite</li>
								<li>klingonRuler</li>
								<li>klingonRecruit</li>
                            </kindDefs>
                            <chance>70.0</chance>
                        </li>
                    </pawnKindEntries>
                    <factionDefs>
                        <li>PlayerColony</li> 
                    </factionDefs>
                </li>
            </alienwandererkinds>
        </pawnKindSettings>
</AlienRace.RaceSettings>
</Defs>