<?xml version="1.0" encoding="utf-8" ?>
<Defs>
<AlienRace.RaceSettings>
        <defName>orionRaceSettings</defName>
            <pawnKindSettings>
            <alienslavekinds>
                <li>
                    <kindDefs>
                        <li>orionColonist01</li>
						<li>orionColonist02</li>
                    </kindDefs>
                    <chance>20.0</chance>
                </li>
            </alienslavekinds>
            <alienrefugeekinds>
                <li>
                    <kindDefs>
						<li>orionHunter</li>
						<li>orionCommando</li>
						<li>orionColonist</li>
						<li>orionCommandoElite</li>
						<li>orionRuler</li>
						<li>orionRecruit</li>
                    </kindDefs>
                    <chance>50.0</chance>
                </li>
            </alienrefugeekinds>
            <alienwandererkinds>
                <li>
                    <pawnKindEntries>
                        <li>
                            <kindDefs>
								<li>orionHunter</li>
								<li>orionCommando</li>
								<li>orionColonist</li>
								<li>orionCommandoElite</li>
								<li>orionRuler</li>
								<li>orionRecruit</li>
                            </kindDefs>
                            <chance>50.0</chance>
                        </li>
                    </pawnKindEntries>
                    <factionDefs>
                        <li>PlayerColony</li> 
                    </factionDefs>
                </li>
            </alienwandererkinds>
        </pawnKindSettings>
</AlienRace.RaceSettings>
</Defs>