<?xml version="1.0" encoding="utf-8" ?>
<Defs>
<AlienRace.RaceSettings>
        <defName>OrionRaceSettings</defName>
            <pawnKindSettings>
            <alienslavekinds>
                <li>
                    <kindDefs>
                        <li>OrionColonist01</li>
						<li>OrionColonist02</li>
                    </kindDefs>
                    <chance>50.0</chance>
                </li>
            </alienslavekinds>
            <alienrefugeekinds>
                <li>
                    <kindDefs>
						<li>OrionHunter</li>
						<li>OrionCommando</li>
						<li>OrionColonist</li>
						<li>OrionCommandoElite</li>
						<li>OrionRuler</li>
						<li>OrionRecruit</li>
                    </kindDefs>
                    <chance>70.0</chance>
                </li>
            </alienrefugeekinds>
            <alienwandererkinds>
                <li>
                    <pawnKindEntries>
                        <li>
                            <kindDefs>
								<li>OrionHunter</li>
								<li>OrionCommando</li>
								<li>OrionColonist</li>
								<li>OrionCommandoElite</li>
								<li>OrionRuler</li>
								<li>OrionRecruit</li>
                            </kindDefs>
                            <chance>70.0</chance>
                        </li>
                    </pawnKindEntries>
                    <factionDefs>
                        <li>PlayerColony</li> 
                    </factionDefs>
                </li>
            </alienwandererkinds>
        </pawnKindSettings>
</AlienRace.RaceSettings>
</Defs>