<?xml version="1.0" encoding="utf-8" ?>
<Defs>
<AlienRace.RaceSettings>
        <defName>TrillRaceSettings</defName>
            <pawnKindSettings>
            <alienslavekinds>
                <li>
                    <kindDefs>
                        <li>trillColonist01</li>
						<li>trillColonist02</li>
                    </kindDefs>
                    <chance>50.0</chance>
                </li>
            </alienslavekinds>
            <alienrefugeekinds>
                <li>
                    <kindDefs>
						<li>trillHunter</li>
						<li>trillCommando</li>
						<li>trillColonist</li>
						<li>trillCommandoElite</li>
						<li>trillRuler</li>
						<li>trillRecruit</li>
                    </kindDefs>
                    <chance>70.0</chance>
                </li>
            </alienrefugeekinds>
            <alienwandererkinds>
                <li>
                    <pawnKindEntries>
                        <li>
                            <kindDefs>
								<li>trillHunter</li>
								<li>trillCommando</li>
								<li>trillColonist</li>
								<li>trillCommandoElite</li>
								<li>trillRuler</li>
								<li>trillRecruit</li>
                            </kindDefs>
                            <chance>70.0</chance>
                        </li>
                    </pawnKindEntries>
                    <factionDefs>
                        <li>PlayerColony</li> 
                    </factionDefs>
                </li>
            </alienwandererkinds>
        </pawnKindSettings>
</AlienRace.RaceSettings>
</Defs>