<?xml version="1.0" encoding="utf-8" ?>
<Defs>
<AlienRace.RaceSettings>
        <defName>VulcanRaceSettings</defName>
            <pawnKindSettings>
            <alienslavekinds>
                <li>
                    <kindDefs>
                        <li>vulcanColonist01</li>
						<li>vulcanColonist02</li>
                    </kindDefs>
                    <chance>50.0</chance>
                </li>
            </alienslavekinds>
            <alienrefugeekinds>
                <li>
                    <kindDefs>
						<li>vulcanHunter</li>
						<li>vulcanCommando</li>
						<li>vulcanColonist</li>
						<li>vulcanCommandoElite</li>
						<li>vulcanRuler</li>
						<li>vulcanRecruit</li>
                    </kindDefs>
                    <chance>70.0</chance>
                </li>
            </alienrefugeekinds>
            <alienwandererkinds>
                <li>
                    <pawnKindEntries>
                        <li>
                            <kindDefs>
								<li>vulcanHunter</li>
								<li>vulcanCommando</li>
								<li>vulcanColonist</li>
								<li>vulcanCommandoElite</li>
								<li>vulcanRuler</li>
								<li>vulcanRecruit</li>
                            </kindDefs>
                            <chance>70.0</chance>
                        </li>
                    </pawnKindEntries>
                    <factionDefs>
                        <li>PlayerColony</li> 
                    </factionDefs>
                </li>
            </alienwandererkinds>
        </pawnKindSettings>
</AlienRace.RaceSettings>
</Defs>