<?xml version="1.0" encoding="utf-8" ?>
<Defs>

  <ThingDef ParentName="BaseFilth">
    <defName>FilthBloodVulcan</defName>
    <label>blood</label>
    <statBases>
      <Beauty>-14</Beauty>
      <Cleanliness>-10</Cleanliness>
    </statBases>
    <graphicData>
      <texPath>Things/Filth/Spatter</texPath>
      <color>(76, 172, 124)</color>
    </graphicData>
    <filth>
      <rainWashes>true</rainWashes>
      <cleaningWorkToReduceThickness>90</cleaningWorkToReduceThickness>
      <canFilthAttach>true</canFilthAttach>
    </filth>
  </ThingDef>  
  
  <ThingDef ParentName="BaseFilth">
    <defName>FilthBloodRomulan</defName>
    <label>blood</label>
    <statBases>
      <Beauty>-14</Beauty>
      <Cleanliness>-10</Cleanliness>
    </statBases>
    <graphicData>
      <texPath>Things/Filth/Spatter</texPath>
      <color>(76, 172, 124)</color>
    </graphicData>
    <filth>
      <rainWashes>true</rainWashes>
      <cleaningWorkToReduceThickness>90</cleaningWorkToReduceThickness>
      <canFilthAttach>true</canFilthAttach>
    </filth>
  </ThingDef>  
  
  
  <ThingDef ParentName="BaseFilth">
    <defName>FilthBloodAndorian</defName>
    <label>blood</label>
    <statBases>
      <Beauty>-14</Beauty>
      <Cleanliness>-10</Cleanliness>
    </statBases>
    <graphicData>
	<texPath>Things/Filth/Spatter</texPath>
      <color>((188, 214, 255))</color>
    </graphicData>
    <filth>
      <rainWashes>true</rainWashes>
      <cleaningWorkToReduceThickness>90</cleaningWorkToReduceThickness>
      <canFilthAttach>true</canFilthAttach>
    </filth>
  </ThingDef>  
  
</Defs>