<?xml version="1.0" encoding="utf-8" ?>
<Defs>

  <ThingDef Name="ApparelMakeableBaseST" ParentName="ApparelBase" Abstract="True">
    <statBases>
      <SellPriceFactor>0.5</SellPriceFactor>
      <Beauty>2</Beauty>
    </statBases>
    <recipeMaker>
      <workSpeedStat>GeneralLaborSpeed</workSpeedStat>
      <workSkill>Crafting</workSkill>
      <effectWorking>Tailor</effectWorking>
      <soundWorking>Recipe_Tailor</soundWorking>
      <recipeUsers>
        <li>ElectricTailoringBench</li>
      </recipeUsers>
      <unfinishedThingDef>UnfinishedApparel</unfinishedThingDef>
    </recipeMaker>
  </ThingDef>

  <!-- Starfleet Uniforms -->

  <ThingDef ParentName="ApparelMakeableBaseST">
    <defName>Apparel_STCommand</defName>
    <label>Starfleet Command Uniform</label>
    <description>A red Starfleet uniform that denotes the wearer as a member of the command division of Starfleet. These officers were trained in leadership and tactical abilities.</description>
    <techLevel>Spacer</techLevel>
    <recipeMaker>
      <researchPrerequisite>ST_Uniforms</researchPrerequisite>
      <unfinishedThingDef>UnfinishedApparel</unfinishedThingDef>
    </recipeMaker>
    <graphicData>
      <texPath>Things/Uniforms/DS9/DS9_R</texPath>
      <graphicClass>Graphic_Single</graphicClass>
    </graphicData>
    <statBases>
      <WorkToMake>6500</WorkToMake>
      <MaxHitPoints>250</MaxHitPoints>
      <MarketValue>250</MarketValue>
      <ArmorRating_Blunt>0.25</ArmorRating_Blunt>
      <ArmorRating_Sharp>0.15</ArmorRating_Sharp>
      <Insulation_Cold>16</Insulation_Cold>
      <Insulation_Heat>12</Insulation_Heat>
      <Mass>1.8</Mass>
    </statBases>
    <costList>
      <Cloth>60</Cloth>
    </costList>
    <thingCategories>
      <li>Apparel</li>
    </thingCategories>
    <equippedStatOffsets>
      <MoveSpeed>0.05</MoveSpeed>
    </equippedStatOffsets>
    <apparel>
      <layers>
        <li>OnSkin</li>
      </layers>
      <bodyPartGroups>
        <li>Torso</li>
        <li>Shoulders</li>
        <li>Arms</li>
        <li>Legs</li>
      </bodyPartGroups>
      <wornGraphicPath>Things/Uniforms/DS9/DS9_R</wornGraphicPath>
      <tags>
        <li>StarfleetA</li>
      </tags>
    </apparel>
  </ThingDef>


  <ThingDef ParentName="ApparelMakeableBaseST">
    <defName>Apparel_STScience</defName>
    <label>Starfleet Science Uniform</label>
    <description>A blue Starfleet uniform that denotes the wearer as a member of the science division of Starfleet. These officers were trained from a large variety of professions, including medical and communications duties.</description>
    <techLevel>Spacer</techLevel>
    <recipeMaker>
      <researchPrerequisite>ST_Uniforms</researchPrerequisite>
      <unfinishedThingDef>UnfinishedApparel</unfinishedThingDef>
    </recipeMaker>
    <graphicData>
      <texPath>Things/Uniforms/DS9/DS9_B</texPath>
      <graphicClass>Graphic_Single</graphicClass>
    </graphicData>
    <statBases>
      <WorkToMake>6500</WorkToMake>
      <MaxHitPoints>250</MaxHitPoints>
      <MarketValue>250</MarketValue>
      <ArmorRating_Blunt>0.25</ArmorRating_Blunt>
      <ArmorRating_Sharp>0.15</ArmorRating_Sharp>
      <Insulation_Cold>16</Insulation_Cold>
      <Insulation_Heat>12</Insulation_Heat>
      <Mass>1.8</Mass>
    </statBases>
    <costList>
      <Cloth>60</Cloth>
    </costList>
    <thingCategories>
      <li>Apparel</li>
    </thingCategories>
    <equippedStatOffsets>
      <MoveSpeed>0.05</MoveSpeed>
    </equippedStatOffsets>
    <apparel>
      <layers>
        <li>OnSkin</li>
      </layers>
      <bodyPartGroups>
        <li>Torso</li>
        <li>Shoulders</li>
        <li>Arms</li>
        <li>Legs</li>
      </bodyPartGroups>
      <wornGraphicPath>Things/Uniforms/DS9/DS9_B</wornGraphicPath>
      <tags>
        <li>StarfleetA</li>
      </tags>
    </apparel>
  </ThingDef>


  <ThingDef ParentName="ApparelMakeableBaseST">
    <defName>Apparel_STOperations</defName>
    <label>Starfleet Operations Uniform</label>
    <description>A gold Starfleet uniform that denotes the wearer as a member of the operations division of Starfleet. These officers were trained from a large variety of professions, including engineering and security duties.</description>
    <techLevel>Spacer</techLevel>
    <recipeMaker>
      <researchPrerequisite>ST_Uniforms</researchPrerequisite>
      <unfinishedThingDef>UnfinishedApparel</unfinishedThingDef>
    </recipeMaker>
    <graphicData>
      <texPath>Things/Uniforms/DS9/DS9_Y</texPath>
      <graphicClass>Graphic_Single</graphicClass>
    </graphicData>
    <statBases>
      <WorkToMake>500</WorkToMake>
      <MaxHitPoints>250</MaxHitPoints>
      <MarketValue>250</MarketValue>
      <ArmorRating_Blunt>0.25</ArmorRating_Blunt>
      <ArmorRating_Sharp>0.15</ArmorRating_Sharp>
      <Insulation_Cold>16</Insulation_Cold>
      <Insulation_Heat>12</Insulation_Heat>
      <Mass>1.8</Mass>
    </statBases>
    <costList>
      <Cloth>60</Cloth>
    </costList>
    <thingCategories>
      <li>Apparel</li>
    </thingCategories>
    <equippedStatOffsets>
      <MoveSpeed>0.05</MoveSpeed>
    </equippedStatOffsets>
    <apparel>
      <layers>
        <li>OnSkin</li>
      </layers>
      <bodyPartGroups>
        <li>Torso</li>
        <li>Shoulders</li>
        <li>Arms</li>
        <li>Legs</li>
      </bodyPartGroups>
      <wornGraphicPath>Things/Uniforms/DS9/DS9_Y</wornGraphicPath>
      <tags>
        <li>StarfleetA</li>
      </tags>
    </apparel>
  </ThingDef>

</Defs>
