﻿<?xml version="1.0" encoding="utf-8" ?>
<Defs>

  <FactionDef>
		<defName>Orion</defName>
		<label>Orion Syndicate</label>
    <description>A stronghold of the Orion Crime Syndicate. They are very well equipped and adept at raiding others.</description>
    <pawnsPlural>Orion</pawnsPlural>
	<fixedName>Orion</fixedName>
    <settlementGenerationWeight>1</settlementGenerationWeight>
    <requiredCountAtGameStart>1</requiredCountAtGameStart>
    <canMakeRandomly>true</canMakeRandomly>
    <canSiege>true</canSiege>
    <canStageAttacks>true</canStageAttacks>
    <leaderTitle>Ruler</leaderTitle>
    <expandingIconTexture>World/WorldObjects/FactionLogos/OrionFactionBase</expandingIconTexture>
    <colorSpectrum>
      <li>(0.75, 0.0, 0.75)</li>
    </colorSpectrum>
    <startingGoodwill>
      <min>-10</min>
      <max>40</max>
    </startingGoodwill>
    <pawnNameMaker>NamerOrionUtility</pawnNameMaker>
	<settlementNameMaker>NamerSettlementOutlander</settlementNameMaker>
	<techLevel>Industrial</techLevel>
	<backstoryCategories><li>Orion</li></backstoryCategories>
	<hairTags>
			<li>Urban</li>
			<li>Punk</li>
			<li>Rural</li>
			<li>Tribal</li>
	</hairTags>
    <naturalColonyGoodwill>
      <min>-60</min>
      <max>0</max>
    </naturalColonyGoodwill>
    <visitorTraderKinds>
      <li>Visitor_Orion_Standard</li>
    </visitorTraderKinds>
   <caravanTraderKinds>
      <li>Caravan_Outlander_BulkGoods</li>
      <li>Caravan_Outlander_CombatSupplier</li>
      <li>Caravan_Outlander_Exotic</li>
    </caravanTraderKinds>
    <baseTraderKinds>
      <li>Base_Outlander_Standard</li>
    </baseTraderKinds>
    <allowedArrivalTemperatureRange>
      <min>-30</min>
      <max>45</max>
    </allowedArrivalTemperatureRange>
	<maxPawnCostPerTotalPointsCurve>
      <points>
        <li>(0,35)</li>
        <li>(70, 50)</li>
        <li>(700, 100)</li>
        <li>(1300, 150)</li>
        <li>(100000, 10000)</li>
      </points>
    </maxPawnCostPerTotalPointsCurve>
    <pawnGroupMakers>
      <li>
        <kindDef>Peaceful</kindDef>
        <options>
          <OrionColonist>5</OrionColonist>
          <OrionSecurityGuard>9</OrionSecurityGuard>
          <OrionRuler>10</OrionRuler>
          <OrionRecruit>1</OrionRecruit>
          <OrionHunter>5</OrionHunter>
          <OrionCommando>5</OrionCommando>
          <OrionCommandoElite>1</OrionCommandoElite>
        </options>
      </li>
	  <li>
      <kindDef>Trader</kindDef>
        <traders>
          <OrionTrader>1</OrionTrader>
        </traders>
        <carriers>
          <Muffalo>2</Muffalo>
          <Dromedary>2</Dromedary>
        </carriers>
        <guards>
          <OrionSecurityGuard>9</OrionSecurityGuard>
          <OrionRecruit>1</OrionRecruit>
          <OrionHunter>5</OrionHunter>
          <OrionCommando>2</OrionCommando>
        </guards>
      </li>
	  <li>
        <kindDef>Combat</kindDef>
        <options>
          <OrionColonist>1</OrionColonist>
          <OrionSecurityGuard>8</OrionSecurityGuard>
          <OrionRuler>1</OrionRuler>
          <OrionRecruit>1</OrionRecruit>
          <OrionHunter>5</OrionHunter>
          <OrionCommando>5</OrionCommando>
          <OrionCommandoElite>2</OrionCommandoElite>
        </options>
      </li>
	  <li>
        <kindDef>Settlement</kindDef>
        <options>
          <OrionColonist>2</OrionColonist>
          <OrionSecurityGuard>5</OrionSecurityGuard>
          <OrionRuler>1</OrionRuler>
          <OrionRecruit>1</OrionRecruit>
          <OrionHunter>5</OrionHunter>
          <OrionCommando>3</OrionCommando>
          <OrionCommandoElite>2</OrionCommandoElite>
        </options>
      </li>
    </pawnGroupMakers>
    <homeIconPath>World/WorldObjects/FactionLogos/OrionFactionBase</homeIconPath>
	<apparelStuffFilter>
		<thingDefs>
			<li>Synthread</li>
			<li>Hyperweave</li>
		</thingDefs>
	</apparelStuffFilter>
  </FactionDef>

</Defs>