﻿<?xml version="1.0" encoding="utf-8" ?>
<Defs>

  <FactionDef>
		<defName>Federation</defName>
		<label>Federation</label>
    <description>A colony of the Federation.</description>
    <pawnsPlural>Federation</pawnsPlural>
	<fixedName>Federation</fixedName>
    <settlementGenerationWeight>1</settlementGenerationWeight>
    <requiredCountAtGameStart>1</requiredCountAtGameStart>
    <canMakeRandomly>false</canMakeRandomly>
    <canSiege>true</canSiege>
    <canStageAttacks>true</canStageAttacks>
    <leaderTitle>Governor</leaderTitle>
    <expandingIconTexture>World/WorldObjects/FactionLogos/FedFactionBase</expandingIconTexture>
    <colorSpectrum>
      <li>(1, 0.89, 0.44)</li>
    </colorSpectrum>
    <startingGoodwill>
      <min>10</min>
      <max>40</max>
    </startingGoodwill>
    <pawnNameMaker>NamerFederationUtility</pawnNameMaker>
	<settlementNameMaker>NamerSettlementOutlander</settlementNameMaker>
	<techLevel>Industrial</techLevel>
	<backstoryCategories>
	<li>Trill</li>
	<li>Andorian</li>
	<li>Betazoid</li>
	<li>Starfleet</li>
	</backstoryCategories>
	<hairTags>
			<li>Urban</li>
			<li>Punk</li>
			<li>Rural</li>
			<li>Tribal</li>
	</hairTags>
    <naturalColonyGoodwill>
      <min>-60</min>
      <max>0</max>
    </naturalColonyGoodwill>
    <visitorTraderKinds>
      <li>Visitor_Fed_Standard</li>
    </visitorTraderKinds>
   <caravanTraderKinds>
      <li>Caravan_Outlander_BulkGoods</li>
      <li>Caravan_Outlander_CombatSupplier</li>
      <li>Caravan_Outlander_Exotic</li>
    </caravanTraderKinds>
    <baseTraderKinds>
      <li>Base_Outlander_Standard</li>
    </baseTraderKinds>
    <allowedArrivalTemperatureRange>
      <min>-30</min>
      <max>45</max>
    </allowedArrivalTemperatureRange>
	<maxPawnCostPerTotalPointsCurve>
      <points>
        <li>(0,35)</li>
        <li>(70, 50)</li>
        <li>(700, 100)</li>
        <li>(1300, 150)</li>
        <li>(100000, 10000)</li>
      </points>
    </maxPawnCostPerTotalPointsCurve>
    <pawnGroupMakers>
      <li>
        <kindDef>Peaceful</kindDef>
        <options>
          <TrillColonist>2</TrillColonist>
          <AndorianColonist>2</AndorianColonist>
          <BetazoidColonist>2</BetazoidColonist>
          <TrillEnsign>3</TrillEnsign>
          <AndorianEnsign>3</AndorianEnsign>
          <BetazoidEnsign>3</BetazoidEnsign>
          <BetazoidGovernor>1</BetazoidGovernor>
          <TrillLieutenant>3</TrillLieutenant>
          <AndorianLieutenant>3</AndorianLieutenant>
          <BetazoidLieutenant>3</BetazoidLieutenant>
          <TrillLieutenantCommander>2</TrillLieutenantCommander>
          <AndorianLieutenantCommander>2</AndorianLieutenantCommander>
          <BetazoidLieutenantCommander>2</BetazoidLieutenantCommander>
          <TrillCommander>1</TrillCommander>
          <AndorianCommander>1</AndorianCommander>
          <BetazoidCommander>1</BetazoidCommander>
        </options>
      </li>
	  <li>
      <kindDef>Trader</kindDef>
        <traders>
          <TrillTrader>1</TrillTrader>
        </traders>
        <carriers>
          <Muffalo>2</Muffalo>
          <Dromedary>2</Dromedary>
        </carriers>
        <guards>
          <TrillEnsign>3</TrillEnsign>
          <AndorianEnsign>3</AndorianEnsign>
          <BetazoidEnsign>3</BetazoidEnsign>
          <BetazoidGovernor>1</BetazoidGovernor>
          <TrillLieutenant>3</TrillLieutenant>
          <AndorianLieutenant>3</AndorianLieutenant>
          <BetazoidLieutenant>3</BetazoidLieutenant>
          <TrillLieutenantCommander>2</TrillLieutenantCommander>
          <AndorianLieutenantCommander>2</AndorianLieutenantCommander>
          <BetazoidLieutenantCommander>2</BetazoidLieutenantCommander>
          <TrillCommander>1</TrillCommander>
          <AndorianCommander>1</AndorianCommander>
          <BetazoidCommander>1</BetazoidCommander>
        </guards>
      </li>
	  <li>
        <kindDef>Combat</kindDef>
        <options>
          <TrillEnsign>3</TrillEnsign>
          <AndorianEnsign>3</AndorianEnsign>
          <BetazoidEnsign>3</BetazoidEnsign>
          <BetazoidGovernor>1</BetazoidGovernor>
          <TrillLieutenant>3</TrillLieutenant>
          <AndorianLieutenant>3</AndorianLieutenant>
          <BetazoidLieutenant>3</BetazoidLieutenant>
          <TrillLieutenantCommander>2</TrillLieutenantCommander>
          <AndorianLieutenantCommander>2</AndorianLieutenantCommander>
          <BetazoidLieutenantCommander>2</BetazoidLieutenantCommander>
          <TrillCommander>1</TrillCommander>
          <AndorianCommander>1</AndorianCommander>
          <BetazoidCommander>1</BetazoidCommander>
        </options>
      </li>
	  <li>
        <kindDef>Settlement</kindDef>
        <options>
          <TrillColonist>2</TrillColonist>
          <AndorianColonist>2</AndorianColonist>
          <BetazoidColonist>2</BetazoidColonist>
          <TrillEnsign>3</TrillEnsign>
          <AndorianEnsign>3</AndorianEnsign>
          <BetazoidEnsign>3</BetazoidEnsign>
          <BetazoidGovernor>1</BetazoidGovernor>
          <TrillLieutenant>3</TrillLieutenant>
          <AndorianLieutenant>3</AndorianLieutenant>
          <BetazoidLieutenant>3</BetazoidLieutenant>
          <TrillLieutenantCommander>2</TrillLieutenantCommander>
          <AndorianLieutenantCommander>2</AndorianLieutenantCommander>
          <BetazoidLieutenantCommander>2</BetazoidLieutenantCommander>
          <TrillCommander>1</TrillCommander>
          <AndorianCommander>1</AndorianCommander>
          <BetazoidCommander>1</BetazoidCommander>
        </options>
      </li>
    </pawnGroupMakers>
    <homeIconPath>World/WorldObjects/FactionLogos/FedFactionBase</homeIconPath>
	<apparelStuffFilter>
		<thingDefs>
			<li>Synthread</li>
			<li>Hyperweave</li>
		</thingDefs>
	</apparelStuffFilter>
  </FactionDef>

</Defs>