<?xml version="1.0" encoding="utf-8" ?>
<Defs>
  
  
  <ThingDef ParentName="BuildingBase">
    <defName>ST_Replicator</defName>
    <label>Colony Replicator</label>
    <description>A StarFleet issue replicator. It can produce food and materials for large amounts of energy.</description>
    <thingClass>Building_WorkTable_HeatPush</thingClass>
    <graphicData>
      <texPath>Things/Building/Replicator</texPath>
      <graphicClass>Graphic_Multi</graphicClass>
      <shaderType>CutoutComplex</shaderType>
      <drawSize>(3,3)</drawSize>
      <damageData>
        <rect>(0.02,0.25,2.96,2.85)</rect>
        <cornerTL>Damage/Corner</cornerTL>
        <cornerTR>Damage/Corner</cornerTR>
      </damageData>
      <shadowData>
        <volume>(2.87,0.75,3.05)</volume>
        <offset>(0,0,0.38)</offset>
      </shadowData>
    </graphicData>
    <altitudeLayer>Building</altitudeLayer>
    <passability>Impassable</passability>
    <blockWind>true</blockWind>
    <fillPercent>1</fillPercent>
    <statBases>
      <WorkToBuild>2200</WorkToBuild>
      <MaxHitPoints>350</MaxHitPoints>
      <Flammability>0.5</Flammability>
    </statBases>
    <recipes>
      <li>ReplicateFoodSup1</li>
      <li>ReplicateFoodSup2</li>
      <li>ReplicateFoodSup3</li>
      <li>ReplicatePhaser2</li>
	  <li>ReplicateSteel</li>
      <li>Replicate_StoneBlocksAny</li>
    </recipes>
    <inspectorTabs>
      <li>ITab_Bills</li>
    </inspectorTabs>
    <comps>
      <li Class="CompProperties_Power">
        <compClass>CompPowerTrader</compClass>
        <basePowerConsumption>500</basePowerConsumption>
      </li>
      <li Class="CompProperties_Flickable"/>
      <li Class="CompProperties_Breakdownable"/>
    </comps>
    <size>(3,3)</size>
    <costList>
      <Steel>90</Steel>
      <ComponentIndustrial>8</ComponentIndustrial>
	  <Plasteel>25</Plasteel>
    </costList>
    <socialPropernessMatters>true</socialPropernessMatters>
    <interactionCellOffset>(0,0,-2)</interactionCellOffset>
    <hasInteractionCell>true</hasInteractionCell>
    <terrainAffordanceNeeded>Heavy</terrainAffordanceNeeded>
    <designationCategory>Production</designationCategory>
    <constructEffect>ConstructMetal</constructEffect>
    <canOverlapZones>false</canOverlapZones>
    <constructionSkillPrerequisite>8</constructionSkillPrerequisite>
    <building>
      <spawnedConceptLearnOpportunity>BillsTab</spawnedConceptLearnOpportunity>
      <heatPerTickWhileWorking>0.32</heatPerTickWhileWorking>
    </building>
    <researchPrerequisites>
      <li>Electricity</li>
      <li>ST_Replication</li>
    </researchPrerequisites>
  </ThingDef> 
  
</Defs>