﻿<?xml version="1.0" encoding="utf-8" ?>
<Defs>

    <ThingDef Name="ST_Mineable" Abstract="True">
        <category>Building</category>
        <selectable>true</selectable>
        <drawerType>MapMeshOnly</drawerType>
        <scatterableOnMapGen>false</scatterableOnMapGen>
    </ThingDef>

    <ThingDef Name="ST_DilithiumOre" ParentName="ST_Mineable" Abstract="True" >
        <thingClass>Mineable</thingClass>
        <graphicData>
            <texPath>Things/Building/Linked/RockAtlas</texPath>
            <graphicClass>Graphic_Single</graphicClass>
            <linkType>CornerFiller</linkType>
            <linkFlags>
                <li>Rock</li>
                <li>MapEdge</li>
            </linkFlags>
        </graphicData>
        <altitudeLayer>Building</altitudeLayer>
        <passability>Impassable</passability>
        <blockWind>true</blockWind>
        <castEdgeShadows>true</castEdgeShadows>
        <fillPercent>1</fillPercent>
        <coversFloor>true</coversFloor>
        <neverMultiSelect>true</neverMultiSelect>
        <rotatable>false</rotatable>
        <saveCompressible>true</saveCompressible>
        <holdsRoof>true</holdsRoof>
        <staticSunShadowHeight>1.0</staticSunShadowHeight>
        <blockLight>true</blockLight>
        <mineable>true</mineable>
        <statBases>
            <Flammability>0</Flammability>
        </statBases>
        <building>
            <isInert>true</isInert>
            <isNaturalRock>true</isNaturalRock>
            <canBuildNonEdificesUnder>false</canBuildNonEdificesUnder>
            <deconstructible>false</deconstructible>
        </building>
    </ThingDef>


    <ThingDef ParentName="ST_DilithiumOre">
        <defName>ST_DilithiumOre</defName>
        <label>dilithium</label>
        <description>Unrefined dilithium. Once refined, it can be used to power warp engines, or with enough know-how, it can power essentials like a Replicator.</description>
        <graphicData>
            <texPath>Things/Building/Linked/RockFlecked_Atlas</texPath>
            <graphicClass>Graphic_Single</graphicClass>
            <shaderType>CutoutComplex</shaderType>
            <color>(143, 51, 147)</color>
            <colorTwo>(112, 72, 135)</colorTwo>
        </graphicData>
        <statBases>
            <MaxHitPoints>1250</MaxHitPoints>
        </statBases>
        <building>
            <isResourceRock>true</isResourceRock>
            <mineableThing>ST_Dilithium</mineableThing>
            <mineableYield>20</mineableYield>
            <mineableScatterCommonality>0.05</mineableScatterCommonality>
            <mineableScatterLumpSizeRange>
                <min>5</min>
                <max>20</max>
            </mineableScatterLumpSizeRange>
        </building>
    </ThingDef>


</Defs>