﻿<?xml version="1.0" encoding="utf-8" ?>
<Defs>

  <BodyPartDef>
    <defName>Pouch</defName>
    <label>Pouch</label>
    <hitPoints>30</hitPoints>
    <bleedRate>2</bleedRate>
    <skinCovered>true</skinCovered>
    <frostbiteVulnerability>3</frostbiteVulnerability>
    <canSuggestAmputation>false</canSuggestAmputation>
    <tags>
      <li>Pouch</li>
    </tags>
  </BodyPartDef>
    <BodyPartDef>
    <defName>Antenna</defName>
    <label>Antenna</label>
    <hitPoints>30</hitPoints>
    <bleedRate>2</bleedRate>
    <skinCovered>true</skinCovered>
    <frostbiteVulnerability>2</frostbiteVulnerability>
    <canSuggestAmputation>true</canSuggestAmputation>
    <tags>
      <li>Antenna</li>
    </tags>
  </BodyPartDef>
    <BodyPartDef>
    <defName>Ridges</defName>
    <label>Cranial Ridges</label>
    <hitPoints>50</hitPoints>
    <bleedRate>2</bleedRate>
    <skinCovered>true</skinCovered>
    <frostbiteVulnerability>3</frostbiteVulnerability>
    <canSuggestAmputation>false</canSuggestAmputation>
    <tags>
      <li>Ridges</li>
    </tags>
  </BodyPartDef>
</Defs>