<?xml version="1.0" encoding="utf-8" ?>
<Defs>

    <ThingDef ParentName="BaseMeleeWeapon_Sharp_Quality">
    <defName>MeleeWeapon_Batleth</defName>
    <label>bat'leth</label>
    <description>The ancient weapon of the Klingons, used since the time of Kahless. Creating a Bat'leth requires the user to undertake many time-consuming rituals.</description>
    <graphicData>
      <texPath>Things/Weapons/Melee/Bat'leth</texPath>
      <graphicClass>Graphic_Single</graphicClass>
    </graphicData>
    <techLevel>Medieval</techLevel>
    <weaponTags>
      <li>MedievalMeleeAdvanced</li>
      <li>Klingon</li>
    </weaponTags>
    <costStuffCount>155</costStuffCount>
    <statBases>
      <WorkToMake>2000</WorkToMake>
      <Mass>2</Mass>
    </statBases>
    <equippedAngleOffset>-65</equippedAngleOffset>
    <stuffCategories>
      <li>Metallic</li>
    </stuffCategories>
    <tools>
      <li>
        <label>handle</label>
        <capacities>
          <li>Blunt</li>
        </capacities>
        <power>9</power>
        <cooldownTime>2</cooldownTime>
      </li>
      <li>
        <label>point</label>
        <capacities>
          <li>Stab</li>
        </capacities>
        <power>23</power>
        <cooldownTime>3</cooldownTime>
      </li>
      <li>
        <label>edge</label>
        <capacities>
          <li>Cut</li>
        </capacities>
        <power>26</power>
        <cooldownTime>2.1</cooldownTime>
      </li>
    </tools>
    <recipeMaker>
      <researchPrerequisite>ST_AncientWeapons</researchPrerequisite>
      <skillRequirements>
        <Crafting>8</Crafting>
      </skillRequirements>
    </recipeMaker>
  </ThingDef>
 
 </Defs>