﻿<?xml version="1.0" encoding="utf-8" ?>
<Defs>

  <!-- ============================ Ocampa Base ========================== -->

  <PawnKindDef Name="OcampaBase" Abstract="True">
    <defaultFactionType>Ocampa</defaultFactionType>
    <race>Alien_Ocampa</race>
    <chemicalAddictionChance>0.035</chemicalAddictionChance>
    <baseRecruitDifficulty>0.70</baseRecruitDifficulty>
    <backstoryCategories>
		<li>Ocampa</li>
	</backstoryCategories>
    <apparelAllowHeadgearChance>0.5</apparelAllowHeadgearChance>
    <apparelTags>
      <li>IndustrialBasic</li>
      <li>IndustrialAdvanced</li>
      <li>IndustrialMilitaryBasic</li>
      <li>IndustrialMilitaryAdvanced</li>
      <li>SpacerMilitary</li>
      <li>BeltDefensePop</li>
    </apparelTags>
  </PawnKindDef>
  
  
  <!-- ============================ Ocampa Civilian Base ========================== -->

  <PawnKindDef Name="OcampaCivBase" ParentName="OcampaBase" Abstract="True">
    <combatPower>25</combatPower>
    <itemQuality>Poor</itemQuality>
    <isFighter>false</isFighter>
    <gearHealthRange>
      <min>0.2</min>
      <max>2.0</max>
    </gearHealthRange>
    <apparelMoney>
      <min>300</min>
      <max>900</max>
    </apparelMoney>
	<backstoryCategories>
		<li>Ocampa</li>
	</backstoryCategories>
    <weaponMoney>
      <min>0</min>
      <max>250</max>
    </weaponMoney>
    <weaponTags>
      <li>Gun</li>
      <li>NonNeolithicOnlyMelee</li>
    </weaponTags>
    <techHediffsMoney>
      <min>200</min>
      <max>300</max>
    </techHediffsMoney>
    <techHediffsTags>
      <li>Simple</li>
    </techHediffsTags>
    <techHediffsChance>0.001</techHediffsChance>
    <invNutrition>2.55</invNutrition>
    <inventoryOptions>
      <skipChance>0.75</skipChance>
      <subOptionsChooseOne>
        <li>
          <choiceChance>90</choiceChance>
          <thingDef>Silver</thingDef>
          <countRange>
            <min>25</min>
            <max>70</max>
          </countRange>
        </li>
        <li>
          <choiceChance>10</choiceChance>
          <thingDef>Silver</thingDef>
          <countRange>
            <min>700</min>
            <max>1000</max>
          </countRange>
        </li>
      </subOptionsChooseOne>
    </inventoryOptions>
  </PawnKindDef>
  
  
  <!-- ============================ Ocampa Civilians ========================== -->
  
    <PawnKindDef ParentName="OcampaCivBase">
    <defName>OcampaRefugee</defName>
    <label>Refugee</label>
    <race>Alien_Ocampa</race>
	<backstoryCategories>
		<li>Ocampa</li>
	</backstoryCategories>
	<weaponMoney>
      <min>0</min>
      <max>0</max>
    </weaponMoney>
  </PawnKindDef>

  
    <PawnKindDef ParentName="OcampaCivBase">
    <defName>OcampaSlave</defName>
    <label>Slave</label>
    <race>Alien_Ocampa</race>
	<backstoryCategories>
		<li>Ocampa</li>
	</backstoryCategories>
	<weaponMoney>
      <min>0</min>
      <max>0</max>
    </weaponMoney>
  </PawnKindDef>
  
    <PawnKindDef ParentName="OcampaCivBase">
    <defName>OcampaColonist</defName>
    <label>Colonist</label>
    <race>Alien_Ocampa</race>
	<backstoryCategories>
		<li>Ocampa</li>
	</backstoryCategories>
	<weaponMoney>
      <min>250</min>
      <max>1000</max>
    </weaponMoney>
  </PawnKindDef>

  <PawnKindDef ParentName="OcampaCivBase">
    <defName>OcampaElder</defName>
    <race>Alien_Ocampa</race>
    <label>elder</label>
    <labelPlural>elders</labelPlural>
    <factionLeader>true</factionLeader>
    <minGenerationAge>50</minGenerationAge>
    <maxGenerationAge>90</maxGenerationAge>
	<weaponMoney>
      <min>200</min>
      <max>800</max>
    </weaponMoney>
	<backstoryCategories>
		<li>Ocampa</li>
	</backstoryCategories>
  </PawnKindDef>
  
  <PawnKindDef ParentName="OcampaCivBase">
    <defName>OcampaTrader</defName>
    <label>colony trader</label>
    <trader>true</trader>
    <race>Alien_Ocampa</race>
	<backstoryCategories>
		<li>Ocampa</li>
	</backstoryCategories>
	<weaponMoney>
      <min>200</min>
      <max>800</max>
    </weaponMoney>
  </PawnKindDef>
  <!-- ============================ Ocampa Security ========================== -->
  
  <PawnKindDef Name="OcampaFarmer" ParentName="OcampaCivBase">
    <defName>OcampaFarmer</defName>
    <label>Ocampa Farmer</label>
    <race>Alien_Ocampa</race>
    <combatPower>50</combatPower>
    <maxGenerationAge>30</maxGenerationAge>
    <gearHealthRange>
      <min>0.5</min>
      <max>1.8</max>
    </gearHealthRange>
    <apparelMoney>
      <min>300</min>
      <max>900</max>
    </apparelMoney>
	<backstoryCategories>
		<li>Ocampa</li>
	</backstoryCategories>
    <weaponMoney>
      <min>200</min>
      <max>800</max>
    </weaponMoney>
    <weaponTags>
      <li>Gun</li>
    </weaponTags>
    <techHediffsMoney>
      <min>200</min>
      <max>500</max>
    </techHediffsMoney>
    <techHediffsTags>
      <li>Simple</li>
    </techHediffsTags>
    <techHediffsChance>0.001</techHediffsChance>
    <invNutrition>2.55</invNutrition>
    <inventoryOptions>
      <skipChance>0.95</skipChance>
      <thingDef>Silver</thingDef>
      <countRange>
        <min>30</min>
        <max>100</max>
      </countRange>
    </inventoryOptions>
  </PawnKindDef>
  <!-- ============================ Ocampa Military Base ========================== -->
  
  <PawnKindDef Name="OcampaMilBase" ParentName="OcampaBase" Abstract="True">
    <chemicalAddictionChance>0</chemicalAddictionChance>
    <isFighter>true</isFighter>
    <invNutrition>2.55</invNutrition>
    <itemQuality>Normal</itemQuality>
    <maxGenerationAge>30</maxGenerationAge>
    <gearHealthRange>
      <min>0.7</min>
      <max>2.3</max>
    </gearHealthRange>
    <apparelTags>
      <li>IndustrialBasic</li>
      <li>IndustrialAdvanced</li>
      <li>IndustrialMilitaryBasic</li>
      <li>IndustrialMilitaryAdvanced</li>
      <li>SpacerMilitary</li>
      <li>BeltDefensePop</li>
    </apparelTags>
    <apparelMoney>
      <min>1500</min>
      <max>2800</max>
    </apparelMoney>
	<backstoryCategories>
		<li>Ocampa</li>
	</backstoryCategories>
    <weaponMoney>
      <min>400</min>
      <max>1000</max>
    </weaponMoney>
    <weaponTags>
      <li>Gun</li>
    </weaponTags>
    <techHediffsMoney>
      <min>1000</min>
      <max>1500</max>
    </techHediffsMoney>
    <inventoryOptions>
      <skipChance>0.8</skipChance>
      <subOptionsChooseOne>
        <li>
          <thingDef>Silver</thingDef>
          <countRange>
            <min>50</min>
            <max>200</max>
          </countRange>
        </li>
        <li>
          <thingDef>MedicineIndustrial</thingDef>
          <countRange>
            <min>1</min>
            <max>1</max>
          </countRange>
        </li>
      </subOptionsChooseOne>
    </inventoryOptions>
  </PawnKindDef>
  
   <!-- ============================ Ocampa Military Base ========================== -->
 
 
   <PawnKindDef Name="OcampaSoldier" ParentName="OcampaMilBase">
    <defName>OcampaSoldier</defName>
    <label>Ocampa Soldier</label>
    <race>Alien_Ocampa</race>
    <combatPower>50</combatPower>
    <maxGenerationAge>30</maxGenerationAge>
    <gearHealthRange>
      <min>0.5</min>
      <max>1.8</max>
    </gearHealthRange>
    <apparelMoney>
      <min>300</min>
      <max>900</max>
    </apparelMoney>
	<backstoryCategories>
		<li>Ocampa</li>
	</backstoryCategories>
    <weaponMoney>
      <min>200</min>
      <max>800</max>
    </weaponMoney>
    <weaponTags>
      <li>Gun</li>
    </weaponTags>
    <techHediffsMoney>
      <min>200</min>
      <max>500</max>
    </techHediffsMoney>
    <techHediffsTags>
      <li>Simple</li>
    </techHediffsTags>
    <techHediffsChance>0.001</techHediffsChance>
    <invNutrition>2.55</invNutrition>
    <inventoryOptions>
      <skipChance>0.95</skipChance>
      <thingDef>Silver</thingDef>
      <countRange>
        <min>30</min>
        <max>100</max>
      </countRange>
    </inventoryOptions>
  </PawnKindDef>

</Defs>
