﻿<?xml version="1.0" encoding="utf-8" ?>
<Defs>

  <!-- ============================ Bajoran Base ========================== -->

  <PawnKindDef Name="BajoranBase" Abstract="True">
    <defaultFactionType>Bajoran</defaultFactionType>
    <race>Alien_Bajoran</race>
    <chemicalAddictionChance>0.035</chemicalAddictionChance>
    <baseRecruitDifficulty>0.70</baseRecruitDifficulty>
    <backstoryCategories>
		<li>Bajoran</li>
	</backstoryCategories>
    <apparelAllowHeadgearChance>0.5</apparelAllowHeadgearChance>
    <apparelTags>
      <li>IndustrialBasic</li>
      <li>IndustrialAdvanced</li>
      <li>IndustrialMilitaryBasic</li>
      <li>IndustrialMilitaryAdvanced</li>
      <li>SpacerMilitary</li>
      <li>BeltDefensePop</li>
    </apparelTags>
  </PawnKindDef>
  
  
  <!-- ============================ Bajoran Civilian Base ========================== -->

  <PawnKindDef Name="BajoranCivBase" ParentName="BajoranBase" Abstract="True">
    <combatPower>25</combatPower>
    <itemQuality>Poor</itemQuality>
    <isFighter>false</isFighter>
    <gearHealthRange>
      <min>0.2</min>
      <max>2.0</max>
    </gearHealthRange>
    <apparelMoney>
      <min>300</min>
      <max>900</max>
    </apparelMoney>
	<backstoryCategories>
		<li>Bajoran</li>
	</backstoryCategories>
    <weaponMoney>
      <min>0</min>
      <max>250</max>
    </weaponMoney>
    <weaponTags>
      <li>Gun</li>
      <li>NonNeolithicOnlyMelee</li>
    </weaponTags>
    <techHediffsMoney>
      <min>200</min>
      <max>300</max>
    </techHediffsMoney>
    <techHediffsTags>
      <li>Simple</li>
    </techHediffsTags>
    <techHediffsChance>0.001</techHediffsChance>
    <invNutrition>2.55</invNutrition>
    <inventoryOptions>
      <skipChance>0.75</skipChance>
      <subOptionsChooseOne>
        <li>
          <choiceChance>90</choiceChance>
          <thingDef>Silver</thingDef>
          <countRange>
            <min>25</min>
            <max>70</max>
          </countRange>
        </li>
        <li>
          <choiceChance>10</choiceChance>
          <thingDef>Silver</thingDef>
          <countRange>
            <min>700</min>
            <max>1000</max>
          </countRange>
        </li>
      </subOptionsChooseOne>
    </inventoryOptions>
  </PawnKindDef>
  
  
  <!-- ============================ Bajoran Civilians ========================== -->
  
    <PawnKindDef ParentName="BajoranCivBase">
    <defName>BajoranRefugee</defName>
    <label>Refugee</label>
    <race>Alien_Bajoran</race>
	<backstoryCategories>
		<li>Bajoran</li>
	</backstoryCategories>
	<weaponMoney>
      <min>0</min>
      <max>0</max>
    </weaponMoney>
  </PawnKindDef>

  
    <PawnKindDef ParentName="BajoranCivBase">
    <defName>BajoranSlave</defName>
    <label>Slave</label>
    <race>Alien_Bajoran</race>
	<backstoryCategories>
		<li>Bajoran</li>
	</backstoryCategories>
	<weaponMoney>
      <min>0</min>
      <max>0</max>
    </weaponMoney>
  </PawnKindDef>
  
    <PawnKindDef ParentName="BajoranCivBase">
    <defName>BajoranColonist</defName>
    <label>Colonist</label>
    <race>Alien_Bajoran</race>
	<backstoryCategories>
		<li>Bajoran</li>
	</backstoryCategories>
	<weaponMoney>
      <min>250</min>
      <max>1000</max>
    </weaponMoney>
  </PawnKindDef>

  <PawnKindDef ParentName="BajoranCivBase">
    <defName>BajoranMinister</defName>
    <race>Alien_Bajoran</race>
    <label>minister</label>
    <labelPlural>ministers</labelPlural>
    <factionLeader>true</factionLeader>
    <minGenerationAge>50</minGenerationAge>
    <maxGenerationAge>90</maxGenerationAge>
	<weaponMoney>
      <min>200</min>
      <max>800</max>
    </weaponMoney>
	<backstoryCategories>
		<li>Bajoran</li>
	</backstoryCategories>
  </PawnKindDef>
  
  <PawnKindDef ParentName="BajoranCivBase">
    <defName>BajoranTrader</defName>
    <label>colony trader</label>
    <trader>true</trader>
    <race>Alien_Bajoran</race>
	<backstoryCategories>
		<li>Bajoran</li>
	</backstoryCategories>
	<weaponMoney>
      <min>200</min>
      <max>800</max>
    </weaponMoney>
  </PawnKindDef>
  <!-- ============================ Bajoran Security ========================== -->
  
  <PawnKindDef Name="BajoranFarmer" ParentName="BajoranCivBase">
    <defName>BajoranFarmer</defName>
    <label>Bajoran Farmer</label>
    <race>Alien_Bajoran</race>
    <combatPower>50</combatPower>
    <maxGenerationAge>30</maxGenerationAge>
    <gearHealthRange>
      <min>0.5</min>
      <max>1.8</max>
    </gearHealthRange>
    <apparelMoney>
      <min>300</min>
      <max>900</max>
    </apparelMoney>
	<backstoryCategories>
		<li>Bajoran</li>
	</backstoryCategories>
    <weaponMoney>
      <min>200</min>
      <max>800</max>
    </weaponMoney>
    <weaponTags>
      <li>Gun</li>
    </weaponTags>
    <techHediffsMoney>
      <min>200</min>
      <max>500</max>
    </techHediffsMoney>
    <techHediffsTags>
      <li>Simple</li>
    </techHediffsTags>
    <techHediffsChance>0.001</techHediffsChance>
    <invNutrition>2.55</invNutrition>
    <inventoryOptions>
      <skipChance>0.95</skipChance>
      <thingDef>Silver</thingDef>
      <countRange>
        <min>30</min>
        <max>100</max>
      </countRange>
    </inventoryOptions>
  </PawnKindDef>
  <!-- ============================ Bajoran Military Base ========================== -->
  
  <PawnKindDef Name="BajoranMilBase" ParentName="BajoranBase" Abstract="True">
    <chemicalAddictionChance>0</chemicalAddictionChance>
    <isFighter>true</isFighter>
    <invNutrition>2.55</invNutrition>
    <itemQuality>Normal</itemQuality>
    <maxGenerationAge>30</maxGenerationAge>
    <gearHealthRange>
      <min>0.7</min>
      <max>2.3</max>
    </gearHealthRange>
    <apparelTags>
      <li>IndustrialBasic</li>
      <li>IndustrialAdvanced</li>
      <li>IndustrialMilitaryBasic</li>
      <li>IndustrialMilitaryAdvanced</li>
      <li>SpacerMilitary</li>
      <li>BeltDefensePop</li>
    </apparelTags>
    <apparelMoney>
      <min>1500</min>
      <max>2800</max>
    </apparelMoney>
	<backstoryCategories>
		<li>Bajoran</li>
	</backstoryCategories>
    <weaponMoney>
      <min>400</min>
      <max>1000</max>
    </weaponMoney>
    <weaponTags>
      <li>Gun</li>
    </weaponTags>
    <techHediffsMoney>
      <min>1000</min>
      <max>1500</max>
    </techHediffsMoney>
    <inventoryOptions>
      <skipChance>0.8</skipChance>
      <subOptionsChooseOne>
        <li>
          <thingDef>Silver</thingDef>
          <countRange>
            <min>50</min>
            <max>200</max>
          </countRange>
        </li>
        <li>
          <thingDef>MedicineIndustrial</thingDef>
          <countRange>
            <min>1</min>
            <max>1</max>
          </countRange>
        </li>
      </subOptionsChooseOne>
    </inventoryOptions>
  </PawnKindDef>
  
   <!-- ============================ Bajoran Military Base ========================== -->
 
 
   <PawnKindDef Name="BajoranSoldier" ParentName="BajoranMilBase">
    <defName>BajoranSoldier</defName>
    <label>Bajoran Soldier</label>
    <race>Alien_Bajoran</race>
    <combatPower>50</combatPower>
    <maxGenerationAge>30</maxGenerationAge>
    <gearHealthRange>
      <min>0.5</min>
      <max>1.8</max>
    </gearHealthRange>
    <apparelMoney>
      <min>300</min>
      <max>900</max>
    </apparelMoney>
	<backstoryCategories>
		<li>Bajoran</li>
	</backstoryCategories>
    <weaponMoney>
      <min>200</min>
      <max>800</max>
    </weaponMoney>
    <weaponTags>
      <li>Gun</li>
    </weaponTags>
    <techHediffsMoney>
      <min>200</min>
      <max>500</max>
    </techHediffsMoney>
    <techHediffsTags>
      <li>Simple</li>
    </techHediffsTags>
    <techHediffsChance>0.001</techHediffsChance>
    <invNutrition>2.55</invNutrition>
    <inventoryOptions>
      <skipChance>0.95</skipChance>
      <thingDef>Silver</thingDef>
      <countRange>
        <min>30</min>
        <max>100</max>
      </countRange>
    </inventoryOptions>
  </PawnKindDef>

</Defs>
