﻿<?xml version="1.0" encoding="utf-8" ?>
<Defs>

  <!-- ============================ Aenar Base ========================== -->

  <PawnKindDef Name="AenarBase" Abstract="True">
    <defaultFactionType>Aenar</defaultFactionType>
    <race>Alien_Aenar</race>
    <chemicalAddictionChance>0.035</chemicalAddictionChance>
    <baseRecruitDifficulty>0.70</baseRecruitDifficulty>
    <backstoryCategories>
		<li>Aenar</li>
		<li>Human</li>
	</backstoryCategories>
    <apparelAllowHeadgearChance>0.5</apparelAllowHeadgearChance>
    <apparelTags>
      <li>IndustrialBasic</li>
      <li>IndustrialAdvanced</li>
      <li>IndustrialMilitaryBasic</li>
      <li>IndustrialMilitaryAdvanced</li>
      <li>SpacerMilitary</li>
      <li>BeltDefensePop</li>
    </apparelTags>
  </PawnKindDef>
  
  <!-- ============================ Aenar Civilian Base ========================== -->

  <PawnKindDef Name="AenarCivBase" ParentName="AenarBase" Abstract="True">
    <combatPower>25</combatPower>
    <itemQuality>Poor</itemQuality>
    <isFighter>false</isFighter>
    <gearHealthRange>
      <min>0.2</min>
      <max>2.0</max>
    </gearHealthRange>
    <apparelMoney>
      <min>300</min>
      <max>900</max>
    </apparelMoney>
	<backstoryCategories>
		<li>Aenar</li>
	</backstoryCategories>
    <weaponMoney>
      <min>0</min>
      <max>250</max>
    </weaponMoney>
    <weaponTags>
      <li>Gun</li>
      <li>NonNeolithicOnlyMelee</li>
    </weaponTags>
    <techHediffsMoney>
      <min>200</min>
      <max>300</max>
    </techHediffsMoney>
    <techHediffsTags>
      <li>Simple</li>
    </techHediffsTags>
    <techHediffsChance>0.001</techHediffsChance>
    <invNutrition>2.55</invNutrition>
    <inventoryOptions>
      <skipChance>0.75</skipChance>
      <subOptionsChooseOne>
        <li>
          <choiceChance>90</choiceChance>
          <thingDef>Silver</thingDef>
          <countRange>
            <min>25</min>
            <max>70</max>
          </countRange>
        </li>
        <li>
          <choiceChance>10</choiceChance>
          <thingDef>Silver</thingDef>
          <countRange>
            <min>700</min>
            <max>1000</max>
          </countRange>
        </li>
      </subOptionsChooseOne>
    </inventoryOptions>
  </PawnKindDef>
  
  <!-- ============================ Aenar Civilians ========================== -->
    <PawnKindDef ParentName="AenarCivBase">
    <defName>AenarRefugee</defName>
    <label>Refugee</label>
    <race>Alien_Aenar</race>
	<backstoryCategories>
		<li>Aenar</li>
	</backstoryCategories>
	<weaponMoney>
      <min>0</min>
      <max>0</max>
    </weaponMoney>
  </PawnKindDef>
  
    <PawnKindDef ParentName="AenarCivBase">
    <defName>AenarSlave</defName>
    <label>Slave</label>
    <race>Alien_Aenar</race>
	<backstoryCategories>
		<li>Aenar</li>
	</backstoryCategories>
	<weaponMoney>
      <min>0</min>
      <max>0</max>
    </weaponMoney>
  </PawnKindDef>
  
  <PawnKindDef ParentName="AenarCivBase">
    <defName>AenarColonist</defName>
    <label>colonist</label>
    <race>Alien_Aenar</race>
	<backstoryCategories>
		<li>Aenar</li>
	</backstoryCategories>
	<weaponMoney>
      <min>0</min>
      <max>0</max>
    </weaponMoney>
  </PawnKindDef>

  <PawnKindDef ParentName="AenarCivBase">
    <defName>AenarRuler</defName>
    <race>Alien_Aenar</race>
    <label>ruler</label>
    <labelPlural>rulers</labelPlural>
    <factionLeader>true</factionLeader>
    <minGenerationAge>50</minGenerationAge>
    <maxGenerationAge>90</maxGenerationAge>
	<weaponMoney>
      <min>200</min>
      <max>800</max>
    </weaponMoney>
	<backstoryCategories>
		<li>Aenar</li>
	</backstoryCategories>
  </PawnKindDef>
  
  <PawnKindDef ParentName="AenarCivBase">
    <defName>AenarTrader</defName>
    <label>colony trader</label>
    <trader>true</trader>
    <race>Alien_Aenar</race>
	<backstoryCategories>
		<li>Aenar</li>
	</backstoryCategories>
	<weaponMoney>
      <min>200</min>
      <max>800</max>
    </weaponMoney>
  </PawnKindDef>
  
  <!-- ============================ Aenar Security ========================== -->
  
  <PawnKindDef Name="Aenar Guard" ParentName="AenarCivBase">
    <defName>AenarGuard</defName>
    <label>guard</label>
    <race>Alien_Aenar</race>
    <combatPower>50</combatPower>
    <maxGenerationAge>30</maxGenerationAge>
    <gearHealthRange>
      <min>0.5</min>
      <max>1.8</max>
    </gearHealthRange>
    <apparelMoney>
      <min>300</min>
      <max>900</max>
    </apparelMoney>
	<backstoryCategories>
		<li>AenarSoldier</li>
	</backstoryCategories>
    <weaponMoney>
      <min>200</min>
      <max>800</max>
    </weaponMoney>
    <weaponTags>
      <li>Gun</li>
    </weaponTags>
    <techHediffsMoney>
      <min>200</min>
      <max>500</max>
    </techHediffsMoney>
    <techHediffsTags>
      <li>Simple</li>
    </techHediffsTags>
    <techHediffsChance>0.001</techHediffsChance>
    <invNutrition>2.55</invNutrition>
    <inventoryOptions>
      <skipChance>0.95</skipChance>
      <thingDef>Silver</thingDef>
      <countRange>
        <min>30</min>
        <max>100</max>
      </countRange>
    </inventoryOptions>
  </PawnKindDef>
  
  <!-- ============================ Aenar Military Base ========================== -->
  
  <PawnKindDef Name="AenarMilBase" ParentName="AenarBase" Abstract="True">
    <chemicalAddictionChance>0</chemicalAddictionChance>
    <isFighter>true</isFighter>
    <invNutrition>2.55</invNutrition>
    <itemQuality>Normal</itemQuality>
    <maxGenerationAge>30</maxGenerationAge>
    <gearHealthRange>
      <min>0.7</min>
      <max>2.3</max>
    </gearHealthRange>
    <apparelTags>
      <li>IndustrialBasic</li>
      <li>IndustrialAdvanced</li>
      <li>IndustrialMilitaryBasic</li>
      <li>IndustrialMilitaryAdvanced</li>
      <li>SpacerMilitary</li>
      <li>BeltDefensePop</li>
    </apparelTags>
    <apparelMoney>
      <min>1500</min>
      <max>2800</max>
    </apparelMoney>
	<backstoryCategories>
		<li>AenarSoldier</li>
	</backstoryCategories>
    <weaponMoney>
      <min>400</min>
      <max>1000</max>
    </weaponMoney>
    <weaponTags>
      <li>Gun</li>
    </weaponTags>
    <techHediffsMoney>
      <min>1000</min>
      <max>1500</max>
    </techHediffsMoney>
    <inventoryOptions>
      <skipChance>0.8</skipChance>
      <subOptionsChooseOne>
        <li>
          <thingDef>Silver</thingDef>
          <countRange>
            <min>50</min>
            <max>200</max>
          </countRange>
        </li>
        <li>
          <thingDef>MedicineIndustrial</thingDef>
          <countRange>
            <min>1</min>
            <max>1</max>
          </countRange>
        </li>
      </subOptionsChooseOne>
    </inventoryOptions>
  </PawnKindDef>
  
  <!-- ============================ Aenar Military ========================== -->
  
  <PawnKindDef ParentName="AenarMilBase">
    <defName>AenarRecruit</defName>
    <label>recruit</label>
    <combatPower>70</combatPower>
    <race>Alien_Aenar</race>
	<backstoryCategories>
		<li>Aenar</li>
	</backstoryCategories>
  </PawnKindDef>
  


</Defs>
