<?xml version="1.0" encoding="utf-8" ?>
<Defs>

  <PawnKindDef Abstract="True" Name="BaseFerengiPawnKind">
    <race>Alien_Ferengi</race>
    <combatPower>40</combatPower>
    <baseRecruitDifficulty>0.70</baseRecruitDifficulty>
    <isFighter>false</isFighter>
    <apparelIgnoreSeasons>true</apparelIgnoreSeasons>
    <forceNormalGearQuality>true</forceNormalGearQuality>
  </PawnKindDef>

  <PawnKindDef ParentName="BaseFerengiPawnKind">
    <defName>Ferengi</defName>
    <label>colonist</label>
    <defaultFactionType>PlayerColony</defaultFactionType>
    <backstoryCategories>
		<li>Ferengi</li>
	</backstoryCategories>
    <apparelTags>
      <li>IndustrialBasic</li>
    </apparelTags>
    <apparelMoney>
      <min>500</min>
      <max>1000</max>
    </apparelMoney>
    <backstoryCryptosleepCommonality>1</backstoryCryptosleepCommonality>
  </PawnKindDef>

</Defs>