<?xml version="1.0" encoding="utf-8" ?>
<Defs>

  <PawnKindDef Abstract="True" Name="BaseOcampaPawnKind">
    <race>Alien_Ocampa</race>
    <combatPower>40</combatPower>
    <baseRecruitDifficulty>0.70</baseRecruitDifficulty>
    <isFighter>false</isFighter>
    <apparelIgnoreSeasons>true</apparelIgnoreSeasons>
    <forceNormalGearQuality>true</forceNormalGearQuality>
  </PawnKindDef>

  
  
  
  <!--==Base Pawn Player==-->
  <PawnKindDef ParentName="BaseOcampaPawnKind">
    <defName>Ocampa</defName>
    <label>colonist</label>
    <defaultFactionType>PlayerColony</defaultFactionType>
    <backstoryCategories>
		<li>Ocampa</li>
		<li>Human</li>
	</backstoryCategories>
    <apparelTags>
      <li>IndustrialBasic</li>
    </apparelTags>
    <apparelMoney>
      <min>500</min>
      <max>1000</max>
    </apparelMoney>
    <backstoryCryptosleepCommonality>1</backstoryCryptosleepCommonality>
  </PawnKindDef>
  


</Defs>