﻿<?xml version="1.0" encoding="utf-8" ?>
<Defs>
  <RulePackDef>
    <defName>NamerOrionUtility</defName>
    <rulePack>
      <rulesFiles>
        <li>OriFirstMale->NameBanks/Names_First_Orion_Male</li>
        <li>OriFirstFemale->NameBanks/Names_First_Orion_Female</li>
      </rulesFiles>
    </rulePack>
  </RulePackDef>
  
  <RulePackDef>
    <defName>NamerOrionMale</defName>
    <include>
      <li>NamerOrionUtility</li>
    </include>
    <rulePack>
      <rulesStrings>
        <li>r_name(p=12)->[OriFirstMale]</li>
      </rulesStrings>
    </rulePack>
  </RulePackDef>

  <RulePackDef>
    <defName>NamerOrionFemale</defName>
    <include>
      <li>NamerOrionUtility</li>
    </include>
    <rulePack>
      <rulesStrings>
        <li>r_name(p=12)->[OriFirstFemale]</li>
      </rulesStrings>
    </rulePack>
  </RulePackDef>

</Defs>