<?xml version="1.0" encoding="utf-8" ?>
<Defs>


  <AlienRace.BackstoryDef>

    <defName>Trill_Scientist</defName>
    <title>Analyst</title>
    <titleShort>Analyst</titleShort>
    <baseDescription>[PAWN_nameDef] studied hard during their childhood and became a renowned scientist.
</baseDescription>

    <bodyTypeMale>Male</bodyTypeMale>
    <bodyTypeFemale>Female</bodyTypeFemale>

    <slot>Adulthood</slot>
    <skillGains>
      <li>
        <defName>Intellectual</defName>
        <amount>5</amount>
      </li>
      <li>
        <defName>Crafting</defName>
        <amount>2</amount>
      </li>
    </skillGains>
    <spawnCategories>
      <li>Trill</li>
    </spawnCategories>
    
    
  </AlienRace.BackstoryDef>

  <AlienRace.BackstoryDef>

    <defName>Trill_Architect</defName>
    <title>Architect</title>
    <titleShort>Architect</titleShort>
    <baseDescription>[PAWN_nameDef] is quite adept at planning and even building said buildings.
</baseDescription>

    <bodyTypeMale>Thin</bodyTypeMale>
    <bodyTypeFemale>Thin</bodyTypeFemale>

    <slot>Adulthood</slot>
    <skillGains>
      <li>
        <defName>Construction</defName>
        <amount>6</amount>
      </li>
      <li>
        <defName>Crafting</defName>
        <amount>5</amount>
      </li>
    </skillGains>
    <spawnCategories>
      <li>Trill</li>
    </spawnCategories>
    
  </AlienRace.BackstoryDef>

  <AlienRace.BackstoryDef>

    <defName>Trill_Vet</defName>
    <title>Veterinarian</title>
    <titleShort>Vet</titleShort>
    <baseDescription>[PAWN_nameDef] operated a small hospital for animals on her previous world and is very fond of animals.
</baseDescription>

    <bodyTypeMale>Male</bodyTypeMale>
    <bodyTypeFemale>Female</bodyTypeFemale>

    <slot>Adulthood</slot>
    <skillGains>
      <li>
        <defName>Animals</defName>
        <amount>6</amount>
      </li>
      <li>
        <defName>Social</defName>
        <amount>2</amount>
      </li>
    </skillGains>
    
    <spawnCategories>
      <li>Trill</li>
    </spawnCategories>
    
    
  </AlienRace.BackstoryDef>

  <AlienRace.BackstoryDef>

    <defName>Trill_Colony</defName>
    <title>Settler</title>
    <titleShort>Coloniser</titleShort>
    <baseDescription>[PAWN_nameDef] is part of the effort to explore and colonise for the Trill.
</baseDescription>

    <bodyTypeMale>Male</bodyTypeMale>
    <bodyTypeFemale>Female</bodyTypeFemale>

    <slot>Adulthood</slot>
    <skillGains>
      <li>
        <defName>Shooting</defName>
        <amount>3</amount>
      </li>
      <li>
        <defName>Plants</defName>
        <amount>3</amount>
      </li>
      <li>
        <defName>Construction</defName>
        <amount>3</amount>
      </li>
    </skillGains>
    
    <spawnCategories>
      <li>Trill</li>
    </spawnCategories>
    
    
  </AlienRace.BackstoryDef>
 <AlienRace.BackstoryDef>

    <defName>Trill_SpacerKid</defName>
    <title>Engineering Progidy </title>
    <titleShort>Progidy</titleShort>
    <baseDescription>[PAWN_nameDef] had a distinct, innate ability for engineering, [PAWN_pronoun] also learned to coordinate with others in building projects.</baseDescription>

    <bodyTypeMale>Thin</bodyTypeMale>
    <bodyTypeFemale>Thin</bodyTypeFemale>

    <slot>Childhood</slot>
    <skillGains>
      <li>
        <defName>Social</defName>
        <amount>3</amount>
      </li>
      <li>
        <defName>Construction</defName>
        <amount>3</amount>
      </li>
    </skillGains>
    
    <spawnCategories>
      <li>Trill</li>
    </spawnCategories>
    
    
  </AlienRace.BackstoryDef>

  <AlienRace.BackstoryDef>

    <defName>Trill_ColonyKid</defName>
    <title>Lost Child</title>
    <titleShort>Lost</titleShort>
    <baseDescription>[PAWN_nameDef] lost his parents while on holiday. [PAWN_pronoun] learned the ropes of growing, talking, and building from his saviours, a pirate gang that took him on.</baseDescription>

    <bodyTypeMale>Thin</bodyTypeMale>
    <bodyTypeFemale>Thin</bodyTypeFemale>

    <slot>Childhood</slot>
    <skillGains>
      <li>
        <defName>Social</defName>
        <amount>1</amount>
      </li>
      <li>
        <defName>Construction</defName>
        <amount>2</amount>
      </li>
      <li>
        <defName>Plants</defName>
        <amount>2</amount>
      </li>
    </skillGains>
    <spawnCategories>
      <li>Trill</li>
    </spawnCategories>
    
    
  </AlienRace.BackstoryDef>
  
    <AlienRace.BackstoryDef>

    <defName>Trill_Joined</defName>
    <title>Joined Trill</title>
    <titleShort>Joined</titleShort>
    <baseDescription>[PAWN_nameDef] studied fanatically during childhood and[PAWN_pronoun] was rewarded with a Symbiont. [PAWN_nameDef] took the surname of said symbiont and now claims the knowledge and memories of the symbiont's previous hosts.</baseDescription>

	  <bodyTypeMale>Thin</bodyTypeMale>
    <bodyTypeFemale>Thin</bodyTypeFemale>
    <slot>Adulthood</slot>
    <skillGains>
      <li>
        <defName>Social</defName>
        <amount>6</amount>
      </li>
      <li>
        <defName>Construction</defName>
        <amount>2</amount>
      </li>
      <li>
        <defName>Intellectual</defName>
        <amount>6</amount>
      </li>
    </skillGains>
    <spawnCategories>
      <li>Trill</li>
    </spawnCategories>
		<forcedHediffs>
		<li>Trill_Joined_Hediff</li>
	</forcedHediffs>
    
  </AlienRace.BackstoryDef>
    <AlienRace.BackstoryDef>

    <defName>Andorian_Honor</defName>
    <title>Honor Guard</title>
    <titleShort>Honored</titleShort>
    <baseDescription>[PAWN_nameDef] studied hard during their childhood and became a renowned member of the Andorian honor guard.
</baseDescription>

    <bodyTypeMale>Hulk</bodyTypeMale>
    <bodyTypeFemale>Hulk</bodyTypeFemale>

    <slot>Adulthood</slot>
    <skillGains>
      <li>
        <defName>Melee</defName>
        <amount>5</amount>
      </li>
      <li>
        <defName>Shooting</defName>
        <amount>2</amount>
      </li>
    </skillGains>
    <spawnCategories>
      <li>Andorian</li>
    </spawnCategories>
   
    
 
  </AlienRace.BackstoryDef>
      <AlienRace.BackstoryDef>

    <defName>Andorian_Child</defName>
    <title>Lost Child</title>
    <titleShort>Lost</titleShort>
    <baseDescription>[PAWN_nameDef] was born on the moon of Andoria to a loving father and mother. They went missing during a trip into the frozen wastes of Andoria.
</baseDescription>

    <bodyTypeMale>Thin</bodyTypeMale>
    <bodyTypeFemale>Thin</bodyTypeFemale>

    <slot>Childhood</slot>
    <skillGains>
      <li>
        <defName>Intellectual</defName>
        <amount>2</amount>
      </li>
      <li>
        <defName>Medicine</defName>
        <amount>2</amount>
      </li>
    </skillGains>
    <spawnCategories>
      <li>Andorian</li>
    </spawnCategories>
		    </AlienRace.BackstoryDef>

    <AlienRace.BackstoryDef>

    <defName>Betazoid_Ambassador</defName>
    <title>Betazoid Ambassador</title>
    <titleShort>Ambassador</titleShort>
    <baseDescription>[PAWN_nameDef] used their natural Betazoid telepathy to further a career in diplomacy.
</baseDescription>

    <bodyTypeMale>Fat</bodyTypeMale>
    <bodyTypeFemale>Fat</bodyTypeFemale>

    <slot>Adulthood</slot>
    <skillGains>
      <li>
        <defName>Social</defName>
        <amount>5</amount>
      </li>
      <li>
        <defName>Melee</defName>
        <amount>2</amount>
      </li>
    </skillGains>
    <spawnCategories>
      <li>Betazoid</li>
    </spawnCategories>
   
    
 
  </AlienRace.BackstoryDef>
      <AlienRace.BackstoryDef>

    <defName>Betazoid_Empath</defName>
    <title>Betazoid Empath</title>
    <titleShort>Empath</titleShort>
    <baseDescription>[PAWN_nameDef] was born on Betazed and recieved their telephatic abilities at adolescence. [PAWN_nameDef] found [PAWN_pronoun] had an affinity for reading emotions.
</baseDescription>

    <bodyTypeMale>Thin</bodyTypeMale>
    <bodyTypeFemale>Thin</bodyTypeFemale>

    <slot>Childhood</slot>
    <skillGains>
      <li>
        <defName>Social</defName>
        <amount>2</amount>
      </li>
      <li>
        <defName>Animals</defName>
        <amount>2</amount>
      </li>
    </skillGains>
    <spawnCategories>
      <li>Betazoid</li>
    </spawnCategories>
	</AlienRace.BackstoryDef>
    <AlienRace.BackstoryDef>
			
	<defName>Orion_Slave</defName>
    <title>Orion Slave</title>
    <titleShort>Slave</titleShort>
    <baseDescription>[PAWN_nameDef] was sold as a slave on the black market. Being a child, [PAWN_pronoun] was used as a maid this led to [PAWN_pronoun] receiving no education.
</baseDescription>

    <bodyTypeMale>Thin</bodyTypeMale>
    <bodyTypeFemale>Thin</bodyTypeFemale>

    <slot>Childhood</slot>
    <skillGains>
      <li>
        <defName>Cooking</defName>
        <amount>2</amount>
      </li>
      <li>
        <defName>Intellectual</defName>
        <amount>-2</amount>
      </li>
    </skillGains>
    <spawnCategories>
      <li>Orion</li>
    </spawnCategories>
   
    
 
  </AlienRace.BackstoryDef>
  
   <AlienRace.BackstoryDef>

    <defName>Orion_Dancer</defName>
    <title>Orion Dancer</title>
    <titleShort>Dancer</titleShort>
    <baseDescription>[PAWN_nameDef] was born as a slave and lived a slave's childhood. [PAWN_nameDef] found [PAWN_pronoun] had an affinity for erotic dancing.
</baseDescription>

    <bodyTypeMale>Thin</bodyTypeMale>
    <bodyTypeFemale>Thin</bodyTypeFemale>

    <slot>Adulthood</slot>
    <skillGains>
      <li>
        <defName>Social</defName>
        <amount>4</amount>
      </li>
      <li>
        <defName>Intellectual</defName>
        <amount>-2</amount>
      </li>
    </skillGains>
    <spawnCategories>
      <li>Orion</li>
    </spawnCategories>
		    </AlienRace.BackstoryDef>
			
			
			     <AlienRace.BackstoryDef>

    <defName>Klingon_Colonykid</defName>
    <title>Klingon Colony Child</title>
    <titleShort>Colony Child</titleShort>
    <baseDescription>[PAWN_nameDef] was born on a remote world within the Klingon Empire.[PAWN_nameDef] was put to work as a farmer.
</baseDescription>

    <bodyTypeMale>Thin</bodyTypeMale>
    <bodyTypeFemale>Thin</bodyTypeFemale>

    <slot>Childhood</slot>
    <skillGains>
      <li>
        <defName>Melee</defName>
        <amount>2</amount>
      </li>
      <li>
        <defName>Animals</defName>
        <amount>2</amount>
      </li>
    </skillGains>
    <spawnCategories>
      <li>Klingon</li>
    </spawnCategories>
	</AlienRace.BackstoryDef>
    <AlienRace.BackstoryDef>
			
	<defName>Klingon_Warrior</defName>
    <title>Klingon Warrior</title>
    <titleShort>Warrior</titleShort>
    <baseDescription>[PAWN_nameDef] was raised as a Klingon Warrior . Being a child, [PAWN_pronoun] was used as a maid this led to [PAWN_pronoun] receiving no education.
</baseDescription>

    <bodyTypeMale>Hulk</bodyTypeMale>
    <bodyTypeFemale>Hulk</bodyTypeFemale>

    <slot>Adulthood</slot>
    <skillGains>
      <li>
        <defName>Melee</defName>
        <amount>2</amount>
      </li>
      <li>
        <defName>Shooting</defName>
        <amount>3</amount>
      </li>
    </skillGains>
    <spawnCategories>
      <li>Klingon</li>
    </spawnCategories>
   
    
 
  </AlienRace.BackstoryDef>

  
</Defs>