<?xml version="1.0" encoding="utf-8" ?>
<Defs>
 <!-- Borg Adult -->
   <AlienRace.BackstoryDef>

    <defName>Trill_Scientist</defName>
    <title>Trill Analyst</title>
    <titleShort>Analyst</titleShort>
    <baseDescription>[PAWN_nameDef] studied hard during their childhood and became a renowned scientist.
</baseDescription>

    <bodyTypeMale>Male</bodyTypeMale>
    <bodyTypeFemale>Female</bodyTypeFemale>

    <slot>Adulthood</slot>
    <skillGains>
      <li>
        <defName>Intellectual</defName>
        <amount>5</amount>
      </li>
      <li>
        <defName>Crafting</defName>
        <amount>2</amount>
      </li>
    </skillGains>
    <spawnCategories>
      <li>Trill</li>
    </spawnCategories>
    
    
  </AlienRace.BackstoryDef>

  <AlienRace.BackstoryDef>

    <defName>Trill_Architect</defName>
    <title>Trill Architect</title>
    <titleShort>Architect</titleShort>
    <baseDescription>[PAWN_nameDef] is quite adept at planning and even building said buildings.
</baseDescription>

    <bodyTypeMale>Thin</bodyTypeMale>
    <bodyTypeFemale>Thin</bodyTypeFemale>

    <slot>Adulthood</slot>
    <skillGains>
      <li>
        <defName>Construction</defName>
        <amount>6</amount>
      </li>
      <li>
        <defName>Crafting</defName>
        <amount>5</amount>
      </li>
    </skillGains>
    <spawnCategories>
      <li>Trill</li>
    </spawnCategories>
    
  </AlienRace.BackstoryDef>

  <AlienRace.BackstoryDef>

    <defName>Trill_Vet</defName>
    <title>Trill Veterinarian</title>
    <titleShort>Vet</titleShort>
    <baseDescription>[PAWN_nameDef] cared for the symbionts that would be given to future joined Trill.
</baseDescription>

    <bodyTypeMale>Male</bodyTypeMale>
    <bodyTypeFemale>Female</bodyTypeFemale>

    <slot>Adulthood</slot>
    <skillGains>
      <li>
        <defName>Animals</defName>
        <amount>6</amount>
      </li>
      <li>
        <defName>Social</defName>
        <amount>2</amount>
      </li>
    </skillGains>
    
    <spawnCategories>
      <li>Trill</li>
    </spawnCategories>
    
    
  </AlienRace.BackstoryDef>

  <AlienRace.BackstoryDef>

    <defName>Trill_Colony</defName>
    <title>Trill Settler</title>
    <titleShort>Coloniser</titleShort>
    <baseDescription>[PAWN_nameDef] is part of the effort to explore and colonise for the Trill.
</baseDescription>

    <bodyTypeMale>Male</bodyTypeMale>
    <bodyTypeFemale>Female</bodyTypeFemale>

    <slot>Adulthood</slot>
    <skillGains>
      <li>
        <defName>Shooting</defName>
        <amount>3</amount>
      </li>
      <li>
        <defName>Plants</defName>
        <amount>3</amount>
      </li>
      <li>
        <defName>Construction</defName>
        <amount>3</amount>
      </li>
    </skillGains>
    
    <spawnCategories>
      <li>Trill</li>
    </spawnCategories>
    
    
  </AlienRace.BackstoryDef>
  
   
    <AlienRace.BackstoryDef>

    <defName>Trill_Joined</defName>
    <title>Joined Trill</title>
    <titleShort>Joined</titleShort>
    <baseDescription>[PAWN_nameDef] studied fanatically during childhood and[PAWN_pronoun] was rewarded with a Symbiont. [PAWN_nameDef] took the surname of said symbiont and now claims the knowledge and memories of the symbiont's previous hosts.</baseDescription>

	  <bodyTypeMale>Thin</bodyTypeMale>
    <bodyTypeFemale>Thin</bodyTypeFemale>
    <slot>Adulthood</slot>
    <skillGains>
      <li>
        <defName>Social</defName>
        <amount>6</amount>
      </li>
      <li>
        <defName>Construction</defName>
        <amount>2</amount>
      </li>
      <li>
        <defName>Intellectual</defName>
        <amount>6</amount>
      </li>
    </skillGains>
    <spawnCategories>
      <li>Borg</li>
    </spawnCategories>
		<forcedHediffs>
		<li>Trill_Joined_Hediff</li>
	</forcedHediffs>
    

 
  </AlienRace.BackstoryDef>
  
   <!--Borg Child-->
   
 <AlienRace.BackstoryDef>

    <defName>Trill_SpacerKid</defName>
    <title>Trill Engineering Progidy </title>
    <titleShort>Progidy</titleShort>
    <baseDescription>[PAWN_nameDef] had a distinct, innate ability for engineering, [PAWN_pronoun] also learned to coordinate with others in building projects.</baseDescription>

    <bodyTypeMale>Thin</bodyTypeMale>
    <bodyTypeFemale>Thin</bodyTypeFemale>

    <slot>Childhood</slot>
    <skillGains>
      <li>
        <defName>Social</defName>
        <amount>3</amount>
      </li>
      <li>
        <defName>Construction</defName>
        <amount>3</amount>
      </li>
    </skillGains>
    
    <spawnCategories>
      <li>Borg</li>
    </spawnCategories>
    
    
  </AlienRace.BackstoryDef>

  <AlienRace.BackstoryDef>

    <defName>Trill_ColonyKid</defName>
    <title>Trill Lost Child</title>
    <titleShort>Lost</titleShort>
    <baseDescription>[PAWN_nameDef] lost his parents while on holiday. [PAWN_pronoun] learned the ropes of growing, talking, and building from his saviours, a pirate gang that took him on.</baseDescription>

    <bodyTypeMale>Thin</bodyTypeMale>
    <bodyTypeFemale>Thin</bodyTypeFemale>

    <slot>Childhood</slot>
    <skillGains>
      <li>
        <defName>Social</defName>
        <amount>1</amount>
      </li>
      <li>
        <defName>Construction</defName>
        <amount>2</amount>
      </li>
      <li>
        <defName>Plants</defName>
        <amount>2</amount>
      </li>
    </skillGains>
    <spawnCategories>
      <li>Trill</li>
    </spawnCategories>
    
    
  </AlienRace.BackstoryDef>
 <!--Trill Adult -->
  <AlienRace.BackstoryDef>

    <defName>Trill_Scientist</defName>
    <title>Trill Analyst</title>
    <titleShort>Analyst</titleShort>
    <baseDescription>[PAWN_nameDef] studied hard during their childhood and became a renowned scientist.
</baseDescription>

    <bodyTypeMale>Male</bodyTypeMale>
    <bodyTypeFemale>Female</bodyTypeFemale>

    <slot>Adulthood</slot>
    <skillGains>
      <li>
        <defName>Intellectual</defName>
        <amount>5</amount>
      </li>
      <li>
        <defName>Crafting</defName>
        <amount>2</amount>
      </li>
    </skillGains>
    <spawnCategories>
      <li>Trill</li>
    </spawnCategories>
    
    
  </AlienRace.BackstoryDef>

  <AlienRace.BackstoryDef>

    <defName>Trill_Architect</defName>
    <title>Trill Architect</title>
    <titleShort>Architect</titleShort>
    <baseDescription>[PAWN_nameDef] is quite adept at planning and even building said buildings.
</baseDescription>

    <bodyTypeMale>Thin</bodyTypeMale>
    <bodyTypeFemale>Thin</bodyTypeFemale>

    <slot>Adulthood</slot>
    <skillGains>
      <li>
        <defName>Construction</defName>
        <amount>6</amount>
      </li>
      <li>
        <defName>Crafting</defName>
        <amount>5</amount>
      </li>
    </skillGains>
    <spawnCategories>
      <li>Trill</li>
    </spawnCategories>
    
  </AlienRace.BackstoryDef>

  <AlienRace.BackstoryDef>

    <defName>Trill_Vet</defName>
    <title>Trill Veterinarian</title>
    <titleShort>Vet</titleShort>
    <baseDescription>[PAWN_nameDef] cared for the symbionts that would be given to future joined Trill.
</baseDescription>

    <bodyTypeMale>Male</bodyTypeMale>
    <bodyTypeFemale>Female</bodyTypeFemale>

    <slot>Adulthood</slot>
    <skillGains>
      <li>
        <defName>Animals</defName>
        <amount>6</amount>
      </li>
      <li>
        <defName>Social</defName>
        <amount>2</amount>
      </li>
    </skillGains>
    
    <spawnCategories>
      <li>Trill</li>
    </spawnCategories>
    
    
  </AlienRace.BackstoryDef>

  <AlienRace.BackstoryDef>

    <defName>Trill_Colony</defName>
    <title>Trill Settler</title>
    <titleShort>Coloniser</titleShort>
    <baseDescription>[PAWN_nameDef] is part of the effort to explore and colonise for the Trill.
</baseDescription>

    <bodyTypeMale>Male</bodyTypeMale>
    <bodyTypeFemale>Female</bodyTypeFemale>

    <slot>Adulthood</slot>
    <skillGains>
      <li>
        <defName>Shooting</defName>
        <amount>3</amount>
      </li>
      <li>
        <defName>Plants</defName>
        <amount>3</amount>
      </li>
      <li>
        <defName>Construction</defName>
        <amount>3</amount>
      </li>
    </skillGains>
    
    <spawnCategories>
      <li>Trill</li>
    </spawnCategories>
    
    
  </AlienRace.BackstoryDef>
  
   
    <AlienRace.BackstoryDef>

    <defName>Trill_Joined</defName>
    <title>Joined Trill</title>
    <titleShort>Joined</titleShort>
    <baseDescription>[PAWN_nameDef] studied fanatically during childhood and[PAWN_pronoun] was rewarded with a Symbiont. [PAWN_nameDef] took the surname of said symbiont and now claims the knowledge and memories of the symbiont's previous hosts.</baseDescription>

	  <bodyTypeMale>Thin</bodyTypeMale>
    <bodyTypeFemale>Thin</bodyTypeFemale>
    <slot>Adulthood</slot>
    <skillGains>
      <li>
        <defName>Social</defName>
        <amount>6</amount>
      </li>
      <li>
        <defName>Construction</defName>
        <amount>2</amount>
      </li>
      <li>
        <defName>Intellectual</defName>
        <amount>6</amount>
      </li>
    </skillGains>
    <spawnCategories>
      <li>Trill</li>
    </spawnCategories>
		<forcedHediffs>
		<li>Trill_Joined_Hediff</li>
	</forcedHediffs>
    

 
  </AlienRace.BackstoryDef>
  
   <!--Trill Child-->
   
 <AlienRace.BackstoryDef>

    <defName>Trill_SpacerKid</defName>
    <title>Trill Engineering Progidy </title>
    <titleShort>Progidy</titleShort>
    <baseDescription>[PAWN_nameDef] had a distinct, innate ability for engineering, [PAWN_pronoun] also learned to coordinate with others in building projects.</baseDescription>

    <bodyTypeMale>Thin</bodyTypeMale>
    <bodyTypeFemale>Thin</bodyTypeFemale>

    <slot>Childhood</slot>
    <skillGains>
      <li>
        <defName>Social</defName>
        <amount>3</amount>
      </li>
      <li>
        <defName>Construction</defName>
        <amount>3</amount>
      </li>
    </skillGains>
    
    <spawnCategories>
      <li>Trill</li>
    </spawnCategories>
    
    
  </AlienRace.BackstoryDef>

  <AlienRace.BackstoryDef>

    <defName>Trill_ColonyKid</defName>
    <title>Trill Lost Child</title>
    <titleShort>Lost</titleShort>
    <baseDescription>[PAWN_nameDef] lost his parents while on holiday. [PAWN_pronoun] learned the ropes of growing, talking, and building from his saviours, a pirate gang that took him on.</baseDescription>

    <bodyTypeMale>Thin</bodyTypeMale>
    <bodyTypeFemale>Thin</bodyTypeFemale>

    <slot>Childhood</slot>
    <skillGains>
      <li>
        <defName>Social</defName>
        <amount>1</amount>
      </li>
      <li>
        <defName>Construction</defName>
        <amount>2</amount>
      </li>
      <li>
        <defName>Plants</defName>
        <amount>2</amount>
      </li>
    </skillGains>
    <spawnCategories>
      <li>Trill</li>
    </spawnCategories>
    
    
  </AlienRace.BackstoryDef>


   <!--Andorian Adult-->
<AlienRace.BackstoryDef>

    <defName>Andorian_Honor</defName>
    <title>Andorian Honor Guard</title>
    <titleShort>Honored</titleShort>
    <baseDescription>[PAWN_nameDef] studied hard during their childhood and became a renowned member of the Andorian honor guard.
</baseDescription>

    <bodyTypeMale>Hulk</bodyTypeMale>
    <bodyTypeFemale>Hulk</bodyTypeFemale>

    <slot>Adulthood</slot>
    <skillGains>
      <li>
        <defName>Melee</defName>
        <amount>5</amount>
      </li>
      <li>
        <defName>Shooting</defName>
        <amount>2</amount>
      </li>
    </skillGains>
    <spawnCategories>
      <li>Andorian</li>
    </spawnCategories>
   
 </AlienRace.BackstoryDef>
 
<AlienRace.BackstoryDef>

    <defName>Andorian_ICO</defName>
    <title>Andorian Ice Cutter Operator</title>
    <titleShort>Operator</titleShort>
    <baseDescription>[PAWN_nameDef] became a master at driving the Ice Cutter, the traditional vehicle of the Andorians.
</baseDescription>

    <bodyTypeMale>Thin</bodyTypeMale>
    <bodyTypeFemale>Thin</bodyTypeFemale>

    <slot>Adulthood</slot>
    <skillGains>
      <li>
        <defName>Melee</defName>
        <amount>2</amount>
      </li>
      <li>
        <defName>Animals</defName>
        <amount>2</amount>
      </li>
    </skillGains>
    <spawnCategories>
      <li>Andorian</li>
    </spawnCategories>
   
 </AlienRace.BackstoryDef>
 
 <AlienRace.BackstoryDef>

    <defName>Andorian_HPainter</defName>
    <title>Andorian Hand Painter</title>
    <titleShort>Hand-painter</titleShort>
    <baseDescription>[PAWN_nameDef] studied hard during their childhood and became renowned painter.
</baseDescription>

    <bodyTypeMale>Fat</bodyTypeMale>
    <bodyTypeFemale>Fat</bodyTypeFemale>

    <slot>Adulthood</slot>
    <skillGains>
      <li>
        <defName>Artistic</defName>
        <amount>5</amount>
      </li>
      <li>
        <defName>Crafting</defName>
        <amount>2</amount>
      </li>
    </skillGains>
    <spawnCategories>
      <li>Andorian</li>
    </spawnCategories>
   
 </AlienRace.BackstoryDef>
 
 <AlienRace.BackstoryDef>

    <defName>Andorian_ICMember</defName>
    <title>Andorian Council Member</title>
    <titleShort>Councilor</titleShort>
    <baseDescription>[PAWN_nameDef] was a renowned politician and joined the Andorian Imperial Council.
</baseDescription>

    <bodyTypeMale>Thin</bodyTypeMale>
    <bodyTypeFemale>Thin</bodyTypeFemale>

    <slot>Adulthood</slot>
    <skillGains>
      <li>
        <defName>Social</defName>
        <amount>5</amount>
      </li>
      <li>
        <defName>Shooting</defName>
        <amount>2</amount>
      </li>
    </skillGains>
    <spawnCategories>
      <li>Andorian</li>
    </spawnCategories>
   
 </AlienRace.BackstoryDef>
  
   <!--Andorian Child-->
   
<AlienRace.BackstoryDef>

    <defName>Andorian_AChild</defName>
    <title>Andorian Adopted Child</title>
    <titleShort>Adopted</titleShort>
    <baseDescription>[PAWN_nameDef] was born on the moon of Andoria to a loving father and mother. They went missing during a trip into the frozen wastes of Andoria and [PAWN_pronoun] was adopted by a warrior and his wife.
</baseDescription>

    <bodyTypeMale>Thin</bodyTypeMale>
    <bodyTypeFemale>Thin</bodyTypeFemale>

    <slot>Childhood</slot>
    <skillGains>
      <li>
        <defName>Intellectual</defName>
        <amount>2</amount>
      </li>
      <li>
        <defName>Melee</defName>
        <amount>2</amount>
      </li>
    </skillGains>
    <spawnCategories>
      <li>Andorian</li>
    </spawnCategories>
</AlienRace.BackstoryDef>

<AlienRace.BackstoryDef>

    <defName>Andorian_CChild</defName>
    <title>Andorian Coma Child</title>
    <titleShort>Coma-child</titleShort>
    <baseDescription>[PAWN_nameDef] was born on  Andoria to a loving father and mother. After an accident with a phaser, [PAWN_pronoun] went into a coma for 3 years and awoke speaking Klingon.
</baseDescription>

    <bodyTypeMale>Thin</bodyTypeMale>
    <bodyTypeFemale>Thin</bodyTypeFemale>

    <slot>Childhood</slot>
    <skillGains>
      <li>
        <defName>Intellectual</defName>
        <amount>2</amount>
      </li>
      <li>
        <defName>Social</defName>
        <amount>-2</amount>
      </li>
    </skillGains>
    <spawnCategories>
      <li>Andorian</li>
    </spawnCategories>
</AlienRace.BackstoryDef>

<AlienRace.BackstoryDef>

    <defName>Andorian_Offworler</defName>
    <title>Andorian Offworlder</title>
    <titleShort>Offworlder</titleShort>
    <baseDescription>[PAWN_nameDef] was born on a small colony in the Beta Quadrant. She wasraised by farmers, to be a farmer. </baseDescription>

    <bodyTypeMale>Thin</bodyTypeMale>
    <bodyTypeFemale>Thin</bodyTypeFemale>

    <slot>Childhood</slot>
    <skillGains>
      <li>
        <defName>Animals</defName>
        <amount>2</amount>
      </li>
      <li>
        <defName>Plants</defName>
        <amount>2</amount>
      </li>
    </skillGains>
    <spawnCategories>
      <li>Andorian</li>
    </spawnCategories>
</AlienRace.BackstoryDef>

<AlienRace.BackstoryDef>

    <defName>Andorian_MCadet</defName>
    <title>Andorian Cadet</title>
    <titleShort>Cadet</titleShort>
    <baseDescription>[PAWN_nameDef] was born on Andoria and became a cadet at their first chance. [PAWN_pronoun] was taught how to fight hand-to-hand and with ranged weapons.
</baseDescription>

    <bodyTypeMale>Thin</bodyTypeMale>
    <bodyTypeFemale>Thin</bodyTypeFemale>

    <slot>Childhood</slot>
    <skillGains>
      <li>
        <defName>Shooting</defName>
        <amount>3</amount>
      </li>
      <li>
        <defName>Melee</defName>
        <amount>3</amount>
      </li>
    </skillGains>
    <spawnCategories>
      <li>Andorian</li>
    </spawnCategories>
</AlienRace.BackstoryDef>

   <!--Betazoid Adult-->

<AlienRace.BackstoryDef>

    <defName>Betazoid_Ambassador</defName>
    <title>Betazoid Ambassador</title>
    <titleShort>Ambassador</titleShort>
    <baseDescription>[PAWN_nameDef] used their natural Betazoid telepathy to further a career in diplomacy.
</baseDescription>

    <bodyTypeMale>Fat</bodyTypeMale>
    <bodyTypeFemale>Fat</bodyTypeFemale>

    <slot>Adulthood</slot>
    <skillGains>
      <li>
        <defName>Social</defName>
        <amount>5</amount>
      </li>
      <li>
        <defName>Melee</defName>
        <amount>2</amount>
      </li>
    </skillGains>
    <spawnCategories>
      <li>Betazoid</li>
    </spawnCategories>
   
</AlienRace.BackstoryDef>
 
<AlienRace.BackstoryDef>

    <defName>Betazoid_Counsellor</defName>
    <title>Betazoid Counsellor</title>
    <titleShort>Counsellor</titleShort>
    <baseDescription>[PAWN_nameDef] used their natural Betazoid telepathy to assist others with their mental health.
</baseDescription>

    <bodyTypeMale>Thin</bodyTypeMale>
    <bodyTypeFemale>Thin</bodyTypeFemale>

    <slot>Adulthood</slot>
    <skillGains>
      <li>
        <defName>Social</defName>
        <amount>5</amount>
      </li>
      <li>
        <defName>Animals</defName>
        <amount>2</amount>
      </li>
    </skillGains>
    <spawnCategories>
      <li>Betazoid</li>
    </spawnCategories>
   
</AlienRace.BackstoryDef>

<AlienRace.BackstoryDef>

    <defName>Betazoid_Psychotic</defName>
    <title>Betazoid Psychotic</title>
    <titleShort>Psychotic</titleShort>
    <baseDescription>[PAWN_nameDef] was mostly cut off from their Betazoid powers and this drove [PAWN_pronoun] mad.
</baseDescription>

    <bodyTypeMale>Thin</bodyTypeMale>
    <bodyTypeFemale>Thin</bodyTypeFemale>

    <slot>Adulthood</slot>
    <skillGains>
      <li>
        <defName>Social</defName>
        <amount>-5</amount>
      </li>
      <li>
        <defName>Melee</defName>
        <amount>3</amount>
      </li>
    </skillGains>
    <spawnCategories>
      <li>Betazoid</li>
    </spawnCategories>
    <forcedTraits>
           <li>
			<defName>PsychicSensitivity</defName>
			<degree>-1</degree>
			<chance>100</chance>
           </li>
	</forcedTraits>
	
</AlienRace.BackstoryDef>

<AlienRace.BackstoryDef>

    <defName>Betazoid_Savant</defName>
    <title>Betazoid Ambassador</title>
    <titleShort>Ambassador</titleShort>
    <baseDescription>[PAWN_nameDef] used their natural Betazoid telepathy to further a career in diplomacy.
</baseDescription>

    <bodyTypeMale>Fat</bodyTypeMale>
    <bodyTypeFemale>Fat</bodyTypeFemale>

    <slot>Adulthood</slot>
    <skillGains>
      <li>
        <defName>Social</defName>
        <amount>5</amount>
      </li>
      <li>
        <defName>Melee</defName>
        <amount>2</amount>
      </li>
    </skillGains>
    <spawnCategories>
      <li>Betazoid</li>
    </spawnCategories>
    <forcedTraits>
           <li>
			<defName>PsychicSensitivity</defName>
			<degree>2</degree>
			<chance>100</chance>
           </li>
	</forcedTraits>
	
</AlienRace.BackstoryDef>
  
   <!--Betazoid Child-->
   
<AlienRace.BackstoryDef>

    <defName>Betazoid_Empath</defName>
    <title>Betazoid Empath</title>
    <titleShort>Empath</titleShort>
    <baseDescription>[PAWN_nameDef] was born on Betazed and recieved their telephatic abilities at adolescence. [PAWN_nameDef] found [PAWN_pronoun] had an affinity for reading emotions.
</baseDescription>

    <bodyTypeMale>Thin</bodyTypeMale>
    <bodyTypeFemale>Thin</bodyTypeFemale>

    <slot>Childhood</slot>
    <skillGains>
      <li>
        <defName>Social</defName>
        <amount>2</amount>
      </li>
      <li>
        <defName>Animals</defName>
        <amount>2</amount>
      </li>
    </skillGains>
    <spawnCategories>
      <li>Betazoid</li>
    </spawnCategories>
	
</AlienRace.BackstoryDef>

<AlienRace.BackstoryDef>

    <defName>Betazoid_Orphan</defName>
    <title>Betazoid Orphan</title>
    <titleShort>Orphan</titleShort>
    <baseDescription>[PAWN_nameDef] was born on Betazed to two loving parents, however tragedy struck when they were killed in a freak turbolift accident. [PAWN_nameDef] was sent to live with their grandmother.
</baseDescription>

    <bodyTypeMale>Thin</bodyTypeMale>
    <bodyTypeFemale>Thin</bodyTypeFemale>

    <slot>Childhood</slot>
    <skillGains>
      <li>
        <defName>Social</defName>
        <amount>-2</amount>
      </li>
      <li>
        <defName>Cooking</defName>
        <amount>2</amount>
      </li>
    </skillGains>
    <spawnCategories>
      <li>Betazoid</li>
    </spawnCategories>
	
</AlienRace.BackstoryDef>

<AlienRace.BackstoryDef>

    <defName>Betazoid_NobleChild</defName>
    <title>Betazoid Noble-child</title>
    <titleShort>Noble-child</titleShort>
    <baseDescription>[PAWN_nameDef] was born on Betazed to an elitist noble family. [PAWN_nameDef] did not learn to talk until she met her first off-worlder. [PAWN_pronoun] had a pet cat they cared for.
</baseDescription>

    <bodyTypeMale>Thin</bodyTypeMale>
    <bodyTypeFemale>Thin</bodyTypeFemale>

    <slot>Childhood</slot>
    <skillGains>
      <li>
        <defName>Social</defName>
        <amount>-2</amount>
      </li>
      <li>
        <defName>Animals</defName>
        <amount>2</amount>
      </li>
    </skillGains>
    <spawnCategories>
      <li>Betazoid</li>
    </spawnCategories>
	
</AlienRace.BackstoryDef>

<AlienRace.BackstoryDef>

    <defName>Betazoid_Thief</defName>
    <title>Betazoid Thief</title>
    <titleShort>Thief</titleShort>
    <baseDescription>[PAWN_nameDef] was born used their telepathic powers to become an adept thief. [PAWN_pronoun] cared for plants in their spare time.
</baseDescription>

    <bodyTypeMale>Thin</bodyTypeMale>
    <bodyTypeFemale>Thin</bodyTypeFemale>

    <slot>Childhood</slot>
    <skillGains>
      <li>
        <defName>Melee</defName>
        <amount>2</amount>
      </li>
      <li>
        <defName>Plants</defName>
        <amount>2</amount>
      </li>
    </skillGains>
    <spawnCategories>
      <li>Betazoid</li>
    </spawnCategories>
	
</AlienRace.BackstoryDef>
	
	   <!--Orion Adult-->
	   
<AlienRace.BackstoryDef>

    <defName>Orion_Dancer</defName>
    <title>Orion Exotic Dancer</title>
    <titleShort>Dancer</titleShort>
    <baseDescription>[PAWN_nameDef] was born as a slave and lived a slave's childhood. [PAWN_nameDef] found [PAWN_pronoun] had an affinity for erotic dancing.
</baseDescription>

    <bodyTypeMale>Thin</bodyTypeMale>
    <bodyTypeFemale>Thin</bodyTypeFemale>

    <slot>Adulthood</slot>
    <skillGains>
      <li>
        <defName>Social</defName>
        <amount>4</amount>
      </li>
      <li>
        <defName>Intellectual</defName>
        <amount>-2</amount>
      </li>
    </skillGains>
    <spawnCategories>
      <li>Orion</li>
    </spawnCategories>
	
</AlienRace.BackstoryDef>

<AlienRace.BackstoryDef>

    <defName>Orion_Crimelord</defName>
    <title>Orion Crimelord</title>
    <titleShort>Crimelord</titleShort>
    <baseDescription>[PAWN_nameDef] was born as a slave but killed their master and started a new Criminal Empire.
</baseDescription>

    <bodyTypeMale>Thin</bodyTypeMale>
    <bodyTypeFemale>Thin</bodyTypeFemale>

    <slot>Adulthood</slot>
    <skillGains>
      <li>
        <defName>Social</defName>
        <amount>4</amount>
      </li>
      <li>
        <defName>Shooting</defName>
        <amount>2</amount>
      </li>
    </skillGains>
    <spawnCategories>
      <li>Orion</li>
    </spawnCategories>
	
</AlienRace.BackstoryDef>	 

<AlienRace.BackstoryDef>

    <defName>Orion_Majordomo</defName>
    <title>Orion Majordomo</title>
    <titleShort>Majordomo</titleShort>
    <baseDescription>[PAWN_nameDef] was born as a slave but worked their way to the top and became their Master's right-hand man. [PAWN_nameDef] found [PAWN_pronoun] had an affinity for socialising
</baseDescription>

    <bodyTypeMale>Fat</bodyTypeMale>
    <bodyTypeFemale>Fat</bodyTypeFemale>

    <slot>Adulthood</slot>
    <skillGains>
      <li>
        <defName>Social</defName>
        <amount>6</amount>
      </li>
      <li>
        <defName>Melee</defName>
        <amount>-2</amount>
      </li>
    </skillGains>
    <spawnCategories>
      <li>Orion</li>
    </spawnCategories>
	
</AlienRace.BackstoryDef>	 

<AlienRace.BackstoryDef>

    <defName>Orion_Grunt</defName>
    <title>Orion Grunt</title>
    <titleShort>Grunt</titleShort>
    <baseDescription>[PAWN_nameDef] was born a particularly surly child with immense strength and below Thin intelligence. This helped [PAWN_nameDef] find a job later in life.
</baseDescription>

    <bodyTypeMale>Thin</bodyTypeMale>
    <bodyTypeFemale>Thin</bodyTypeFemale>

    <slot>Adulthood</slot>
    <skillGains>
      <li>
        <defName>Melee</defName>
        <amount>6</amount>
      </li>
      <li>
        <defName>Intellectual</defName>
        <amount>-4</amount>
      </li>
    </skillGains>
    <spawnCategories>
      <li>Orion</li>
    </spawnCategories>
	
</AlienRace.BackstoryDef>	 
 
 
	   <!--Orion Child-->
	   
 <AlienRace.BackstoryDef>
			
	<defName>Orion_Slave</defName>
    <title>Orion Slave</title>
    <titleShort>Slave</titleShort>
    <baseDescription>[PAWN_nameDef] was sold as a slave on the black market. Being a child, [PAWN_pronoun] was used as a maid this led to [PAWN_pronoun] receiving no education.
</baseDescription>

    <bodyTypeMale>Thin</bodyTypeMale>
    <bodyTypeFemale>Thin</bodyTypeFemale>

    <slot>Childhood</slot>
    <skillGains>
      <li>
        <defName>Cooking</defName>
        <amount>2</amount>
      </li>
      <li>
        <defName>Intellectual</defName>
        <amount>-2</amount>
      </li>
    </skillGains>
    <spawnCategories>
      <li>Orion</li>
    </spawnCategories>
   
</AlienRace.BackstoryDef>

 <AlienRace.BackstoryDef>
			
	<defName>Orion_Outlaw</defName>
    <title>Orion Outlaw</title>
    <titleShort>Outlaw</titleShort>
    <baseDescription>[PAWN_nameDef] was raised to a life of crime. Being a child, [PAWN_pronoun] was able to get into places adults could not.
</baseDescription>

    <bodyTypeMale>Thin</bodyTypeMale>
    <bodyTypeFemale>Thin</bodyTypeFemale>

    <slot>Childhood</slot>
    <skillGains>
      <li>
        <defName>Shooting</defName>
        <amount>2</amount>
      </li>
      <li>
        <defName>Social</defName>
        <amount>-2</amount>
      </li>
    </skillGains>
    <spawnCategories>
      <li>Orion</li>
    </spawnCategories>
   
</AlienRace.BackstoryDef>

 <AlienRace.BackstoryDef>
			
	<defName>Orion_CChild</defName>
    <title>Orion Crime-child</title>
    <titleShort>Crime-child</titleShort>
    <baseDescription>[PAWN_nameDef] was the only child to a very wealthy and powerful Crimelord.[PAWN_pronoun] was groomed to take over the 'family business'.
</baseDescription>

    <bodyTypeMale>Thin</bodyTypeMale>
    <bodyTypeFemale>Thin</bodyTypeFemale>

    <slot>Childhood</slot>
    <skillGains>
      <li>
        <defName>Social</defName>
        <amount>2</amount>
      </li>
      <li>
        <defName>Shooting</defName>
        <amount>2</amount>
      </li>
      <li>
        <defName>Melee</defName>
        <amount>2</amount>
      </li>
    </skillGains>
    <spawnCategories>
      <li>Orion</li>
    </spawnCategories>
   
</AlienRace.BackstoryDef>

 <AlienRace.BackstoryDef>
			
	<defName>Orion_Refugee</defName>
    <title>Orion Refugee</title>
    <titleShort>Refugee</titleShort>
    <baseDescription>[PAWN_nameDef] narrowly escaped raiding pirates due to the sacrifice of her mother. [PAWN_pronoun] swears revenge on the ones who destroyed their village.
</baseDescription>

    <bodyTypeMale>Thin</bodyTypeMale>
    <bodyTypeFemale>Thin</bodyTypeFemale>

    <slot>Childhood</slot>
    <skillGains>
      <li>
        <defName>Intellectual</defName>
        <amount>2</amount>
      </li>
      <li>
        <defName>Melee</defName>
        <amount>2</amount>
      </li>
    </skillGains>
    <spawnCategories>
      <li>Orion</li>
    </spawnCategories>
   
</AlienRace.BackstoryDef>
  

			
   <!--Klingon Adult-->
   
<AlienRace.BackstoryDef>
			
	<defName>Klingon_Warrior</defName>
    <title>Klingon Warrior</title>
    <titleShort>Warrior</titleShort>
    <baseDescription>[PAWN_nameDef] was raised as a Klingon Warrior . Being a child, [PAWN_pronoun] followed the traditions of the Klingon race and was a powerful warrior. </baseDescription>

    <bodyTypeMale>Hulk</bodyTypeMale>
    <bodyTypeFemale>Hulk</bodyTypeFemale>

    <slot>Adulthood</slot>
    <skillGains>
      <li>
        <defName>Melee</defName>
        <amount>6</amount>
      </li>
      <li>
        <defName>Shooting</defName>
        <amount>3</amount>
      </li>
    </skillGains>
    <spawnCategories>
      <li>Klingon</li>
    </spawnCategories>
    </AlienRace.BackstoryDef>

    <AlienRace.BackstoryDef>
			
	<defName>Klingon_Coward</defName>
    <title>Klingon Coward</title>
    <titleShort>Coward</titleShort>
    <baseDescription>[PAWN_nameDef] was raised as a Klingon Warrior , however battle scared him. Luckily, [PAWN_pronoun] found work training Targs and other vicious beasts for battle. </baseDescription>

    <bodyTypeMale>Fat</bodyTypeMale>
    <bodyTypeFemale>Fat</bodyTypeFemale>

    <slot>Adulthood</slot>
    <skillGains>
      <li>
        <defName>Melee</defName>
        <amount>-4</amount>
      </li>
      <li>
        <defName>Animals</defName>
        <amount>4</amount>
      </li>
    </skillGains>
    <spawnCategories>
      <li>Klingon</li>
    </spawnCategories>
</AlienRace.BackstoryDef>
	
<AlienRace.BackstoryDef>
			
	<defName>Klingon_Politician</defName>
    <title>Klingon Politician</title>
    <titleShort>Politician</titleShort>
    <baseDescription>[PAWN_nameDef] was the firstborn to a great house and as such had a seat on the High Council.</baseDescription>

    <bodyTypeMale>Fat</bodyTypeMale>
    <bodyTypeFemale>Fat</bodyTypeFemale>

    <slot>Adulthood</slot>
    <skillGains>
      <li>
        <defName>Melee</defName>
        <amount>2</amount>
      </li>
      <li>
        <defName>Social</defName>
        <amount>4</amount>
      </li>
    </skillGains>
    <spawnCategories>
      <li>Klingon</li>
    </spawnCategories>
</AlienRace.BackstoryDef>
	
<AlienRace.BackstoryDef>
			
	<defName>Klingon_Schemer</defName>
    <title>Klingon Schemer</title>
    <titleShort>Schemer</titleShort>
    <baseDescription>[PAWN_nameDef] preferred to disregard the traditions of their people and used subtlety. Poison and murder were chief among their list of accomplishments.</baseDescription>

    <bodyTypeMale>Thin</bodyTypeMale>
    <bodyTypeFemale>Thin</bodyTypeFemale>

    <slot>Adulthood</slot>
    <skillGains>
      <li>
        <defName>Melee</defName>
        <amount>4</amount>
      </li>
      <li>
        <defName>Shooting</defName>
        <amount>4</amount>
      </li>
      <li>
        <defName>Cooking</defName>
        <amount>2</amount>
      </li>
    </skillGains>
    <spawnCategories>
      <li>Klingon</li>
    </spawnCategories>
</AlienRace.BackstoryDef>
	
   <!--Klingon Child-->	   
<AlienRace.BackstoryDef>

    <defName>Klingon_Colonykid</defName>
    <title>Klingon Colony Child</title>
    <titleShort>Colony Child</titleShort>
    <baseDescription>[PAWN_nameDef] was born on a remote world within the Klingon Empire.[PAWN_nameDef] was put to work as a farmer. </baseDescription>

    <bodyTypeMale>Thin</bodyTypeMale>
    <bodyTypeFemale>Thin</bodyTypeFemale>

    <slot>Childhood</slot>
    <skillGains>
      <li>
        <defName>Melee</defName>
        <amount>2</amount>
      </li>
      <li>
        <defName>Animals</defName>
        <amount>2</amount>
      </li>
    </skillGains>
    <spawnCategories>
      <li>Klingon</li>
    </spawnCategories>
</AlienRace.BackstoryDef>

<AlienRace.BackstoryDef>

    <defName>Klingon_BabyWarrior</defName>
    <title>Klingon Warrior-in-training</title>
    <titleShort>Trainee</titleShort>
    <baseDescription>[PAWN_nameDef] was born on the homeworld of the Klingon Empire, Qo'NoS. [PAWN_nameDef] trained to be a true Klingon warrior. </baseDescription>

    <bodyTypeMale>Thin</bodyTypeMale>
    <bodyTypeFemale>Thin</bodyTypeFemale>

    <slot>Childhood</slot>
    <skillGains>
      <li>
        <defName>Melee</defName>
        <amount>2</amount>
      </li>
      <li>
        <defName>Shooting</defName>
        <amount>2</amount>
      </li>
    </skillGains>
    <spawnCategories>
      <li>Klingon</li>
    </spawnCategories>
</AlienRace.BackstoryDef>

<AlienRace.BackstoryDef>

    <defName>Klingon_Bastard</defName>
    <title>Klingon Bastard</title>
    <titleShort>Bastard</titleShort>
    <baseDescription>[PAWN_nameDef] was born on Qo'NoS to an unknown father and his commoner mistress.[PAWN_nameDef] was shamed for being born out of wedlock. </baseDescription>

    <bodyTypeMale>Thin</bodyTypeMale>
    <bodyTypeFemale>Thin</bodyTypeFemale>

    <slot>Childhood</slot>
    <skillGains>
      <li>
        <defName>Melee</defName>
        <amount>-2</amount>
      </li>
      <li>
        <defName>Cooking</defName>
        <amount>2</amount>
      </li>
    </skillGains>
    <spawnCategories>
      <li>Klingon</li>
    </spawnCategories>
</AlienRace.BackstoryDef>

<AlienRace.BackstoryDef>

    <defName>Klingon_bitchychild</defName>
    <title>Klingon Noble Born</title>
    <titleShort>Noble-born</titleShort>
    <baseDescription>[PAWN_nameDef] was the firstborn to a Klingon Great House on the Klingon homeworl, Qo'NoS. [PAWN_nameDef] was groomed for leadership and combat since birth </baseDescription>

    <bodyTypeMale>Thin</bodyTypeMale>
    <bodyTypeFemale>Thin</bodyTypeFemale>

    <slot>Childhood</slot>
    <skillGains>
      <li>
        <defName>Melee</defName>
        <amount>3</amount>
      </li>
      <li>
        <defName>Social</defName>
        <amount>2</amount>
      </li>
    </skillGains>
    <spawnCategories>
      <li>Klingon</li>
    </spawnCategories>
</AlienRace.BackstoryDef>

   <!--Vulcan-->
   
   
   <!--Vulcan Adult-->
<AlienRace.BackstoryDef>

    <defName>Vulcan_RenownedScientist</defName>
    <title>Renowned Scientist</title>
    <titleShort>Renowned</titleShort>
    <baseDescription>[PAWN_nameDef] became an expert in the field of shielding. [PAWN_pronoun] even taught at the Daystrom Institute from time to time.</baseDescription>

    <bodyTypeMale>Thin</bodyTypeMale>
    <bodyTypeFemale>Thin</bodyTypeFemale>

    <slot>Adulthood</slot>
    <skillGains>
      <li>
        <defName>Intellectual</defName>
        <amount>4</amount>
      </li>
      <li>
        <defName>Melee</defName>
        <amount>2</amount>
      </li>
    </skillGains>
    <spawnCategories>
      <li>Vulcan</li>
    </spawnCategories>
</AlienRace.BackstoryDef>

<AlienRace.BackstoryDef>

    <defName>Vulcan_Monk</defName>
    <title>Monk</title>
    <titleShort>Monk</titleShort>
    <baseDescription>[PAWN_nameDef] decided to devote themselves to logic and became a resident at a monastery.</baseDescription>

    <bodyTypeMale>Thin</bodyTypeMale>
    <bodyTypeFemale>Thin</bodyTypeFemale>

    <slot>Adulthood</slot>
    <skillGains>
      <li>
        <defName>Artistic</defName>
        <amount>2</amount>
      </li>
      <li>
        <defName>Plants</defName>
        <amount>2</amount>
      </li>
    </skillGains>
    <spawnCategories>
      <li>Vulcan</li>
    </spawnCategories>
</AlienRace.BackstoryDef>

<AlienRace.BackstoryDef>

    <defName>Vulcan_Diplomat</defName>
    <title>Diplomat</title>
    <titleShort>Diplomat</titleShort>
    <baseDescription>[PAWN_nameDef] was an established and accomplished diplomat for the Federation. Their work immersed them to many different cultures but [PAWN_nameDef] never strayed from logic.</baseDescription>

    <bodyTypeMale>Thin</bodyTypeMale>
    <bodyTypeFemale>Thin</bodyTypeFemale>

    <slot>Adulthood</slot>
    <skillGains>
      <li>
        <defName>Social</defName>
        <amount>6</amount>
      </li>
      <li>
        <defName>Melee</defName>
        <amount>-2</amount>
      </li>
    </skillGains>
    <spawnCategories>
      <li>Vulcan</li>
    </spawnCategories>
</AlienRace.BackstoryDef>

<AlienRace.BackstoryDef>

    <defName>Vulcan_Chef</defName>
    <title>Unexpected Chef</title>
    <titleShort>Chef</titleShort>
    <baseDescription>[PAWN_nameDef] defied all expectations and became a skilled Chef. Many people doubted that a Vulcan could make food with such taste, but they soon dropped that expectation.</baseDescription>

    <bodyTypeMale>Thin</bodyTypeMale>
    <bodyTypeFemale>Thin</bodyTypeFemale>

    <slot>Adulthood</slot>
    <skillGains>
      <li>
        <defName>Cooking</defName>
        <amount>6</amount>
      </li>
      <li>
        <defName>Melee</defName>
        <amount>2</amount>
      </li>
    </skillGains>
    <spawnCategories>
      <li>Vulcan</li>
    </spawnCategories>
</AlienRace.BackstoryDef>
   
   <!--Vulcan Child-->	   

<AlienRace.BackstoryDef>
			
	<defName>Vulcan_ChildofLogic</defName>
    <title>Child of Logic</title>
    <titleShort>Child of Logic</titleShort>
    <baseDescription>[PAWN_nameDef] was born on Vulcan, to two Vulcan parents and a normal Vulcan life. They were taught to repress their strong Vulcan emotions since birth.</baseDescription>

    <bodyTypeMale>Thin</bodyTypeMale>
    <bodyTypeFemale>Thin</bodyTypeFemale>

    <slot>Childhood</slot>
    <skillGains>
      <li>
        <defName>Intellectual</defName>
        <amount>4</amount>
      </li>
      <li>
        <defName>Social</defName>
        <amount>-2</amount>
      </li>
    </skillGains>
    <spawnCategories>
      <li>Vulcan</li>
    </spawnCategories>
    </AlienRace.BackstoryDef>

    <AlienRace.BackstoryDef>
			
	<defName>Vulcan_AspiringScientist</defName>
    <title>Aspiring Scientist</title>
    <titleShort>Aspirant</titleShort>
    <baseDescription>[PAWN_nameDef] was raised on Vulcan by his Scientist parents. [PAWN_pronoun] was raised to follow in their footsteps.</baseDescription>

    <bodyTypeMale>Thin</bodyTypeMale>
    <bodyTypeFemale>Thin</bodyTypeFemale>

    <slot>Childhood</slot>
    <skillGains>
      <li>
        <defName>Animals</defName>
        <amount>2</amount>
      </li>
      <li>
        <defName>Intellectual</defName>
        <amount>3</amount>
      </li>
    </skillGains>
    <spawnCategories>
      <li>Vulcan</li>
    </spawnCategories>
</AlienRace.BackstoryDef>
	
<AlienRace.BackstoryDef>
			
	<defName>Vulcan_ChildGenius</defName>
    <title>Aristic Genius</title>
    <titleShort>Genius</titleShort>
    <baseDescription>[PAWN_nameDef] was born on Vulcan and quickly realised [PAWN_pronoun] has an aptitude for art and focused on building this skill, at the cost of a social life.</baseDescription>

    <bodyTypeMale>Fat</bodyTypeMale>
    <bodyTypeFemale>Fat</bodyTypeFemale>

    <slot>Childhood</slot>
    <skillGains>
      <li>
        <defName>Artistic</defName>
        <amount>6</amount>
      </li>
      <li>
        <defName>Social</defName>
        <amount>-4</amount>
      </li>
    </skillGains>
    <spawnCategories>
      <li>Vulcan</li>
    </spawnCategories>
</AlienRace.BackstoryDef>
	
<AlienRace.BackstoryDef>
			
	<defName>Vulcan_MartialArtsChamp</defName>
    <title>Martial Arts Champion</title>
    <titleShort>Champion</titleShort>
    <baseDescription>[PAWN_nameDef] found a passion for hand-to-hand combat during their youth, [PAWN_pronoun] went on to win many competitions.</baseDescription>

    <bodyTypeMale>Hulk</bodyTypeMale>
    <bodyTypeFemale>Hulk</bodyTypeFemale>

    <slot>Childhood</slot>
    <skillGains>
      <li>
        <defName>Melee</defName>
        <amount>6</amount>
      </li>
      <li>
        <defName>Intellectual</defName>
        <amount>-2</amount>
      </li>
    </skillGains>
    <spawnCategories>
      <li>Vulcan</li>
    </spawnCategories>
</AlienRace.BackstoryDef>
	
   <!--Romulan-->	
   
   
   <!--Romulan Adult-->
<AlienRace.BackstoryDef>

    <defName>Romulan_TalShiar</defName>
    <title>Tal Shiar Agent</title>
    <titleShort>Agent</titleShort>
    <baseDescription>[PAWN_nameDef] was a Tal Shiar agent and trained in subtlety and covert operations.</baseDescription>

    <bodyTypeMale>Thin</bodyTypeMale>
    <bodyTypeFemale>Thin</bodyTypeFemale>

    <slot>Adulthood</slot>
    <skillGains>
      <li>
        <defName>Shooting</defName>
        <amount>4</amount>
      </li>
      <li>
        <defName>Melee</defName>
        <amount>4</amount>
      </li>
    </skillGains>
    <spawnCategories>
      <li>Romulan</li>
    </spawnCategories>
</AlienRace.BackstoryDef>

<AlienRace.BackstoryDef>

    <defName>Romulan_Tailor</defName>
    <title>Exiled Tailor</title>
    <titleShort>Exiled</titleShort>
    <baseDescription>[PAWN_nameDef] was exiled from the Romulan Empire for an undisclosed crime, [PAWN_pronoun] decided to become a tailor.</baseDescription>

    <bodyTypeMale>Thin</bodyTypeMale>
    <bodyTypeFemale>Thin</bodyTypeFemale>

    <slot>Adulthood</slot>
    <skillGains>
      <li>
        <defName>Crafting</defName>
        <amount>4</amount>
      </li>
      <li>
        <defName>Melee</defName>
        <amount>4</amount>
      </li>
    </skillGains>
    <spawnCategories>
      <li>Romulan</li>
    </spawnCategories>
</AlienRace.BackstoryDef>

<AlienRace.BackstoryDef>

    <defName>Romulan_Rebel</defName>
    <title>Rebel</title>
    <titleShort>Rebel</titleShort>
    <baseDescription>[PAWN_nameDef] strayed from the traditional ways of Romulan supremacism and devoted their life to building bridges between the Romulan and Vulcan races.</baseDescription>

    <bodyTypeMale>Thin</bodyTypeMale>
    <bodyTypeFemale>Thin</bodyTypeFemale>

    <slot>Adulthood</slot>
    <skillGains>
      <li>
        <defName>Social</defName>
        <amount>4</amount>
      </li>
      <li>
        <defName>Shooting</defName>
        <amount>2</amount>
      </li>
    </skillGains>
    <spawnCategories>
      <li>Romulan</li>
    </spawnCategories>
</AlienRace.BackstoryDef>

<AlienRace.BackstoryDef>

    <defName>Romulan_Xenobiologist</defName>
    <title>Xenobiologist</title>
    <titleShort>Xenobiologist</titleShort>
    <baseDescription>In contrast the the majority of the Romulan race, [PAWN_nameDef] developed a fascination with our lifeforms and wished to learn everything about them.</baseDescription>

    <bodyTypeMale>Thin</bodyTypeMale>
    <bodyTypeFemale>Thin</bodyTypeFemale>

    <slot>Adulthood</slot>
    <skillGains>
      <li>
        <defName>Intellectual</defName>
        <amount>3</amount>
      </li>
      <li>
        <defName>Animals</defName>
        <amount>3</amount>
      </li>
    </skillGains>
    <spawnCategories>
      <li>Romulan</li>
    </spawnCategories>
</AlienRace.BackstoryDef>
   
   <!--Romulan Child-->	   

<AlienRace.BackstoryDef>
			
	<defName>Romulan_TraineeSpy</defName>
    <title>Trainee Spy</title>
    <titleShort>Trainee Spy</titleShort>
    <baseDescription>[PAWN_nameDef] was inducted into the Tal Shiar at birth and trained rigorously every day, to become the best of the best. </baseDescription>

    <bodyTypeMale>Thin</bodyTypeMale>
    <bodyTypeFemale>Thin</bodyTypeFemale>

    <slot>Childhood</slot>
    <skillGains>
      <li>
        <defName>Melee</defName>
        <amount>2</amount>
      </li>
      <li>
        <defName>Shooting</defName>
        <amount>2</amount>
      </li>
      <li>
        <defName>Intellectual</defName>
        <amount>2</amount>
      </li>
      <li>
        <defName>Social</defName>
        <amount>-2</amount>
      </li>
    </skillGains>
    <spawnCategories>
      <li>Romulan</li>
    </spawnCategories>
    </AlienRace.BackstoryDef>

    <AlienRace.BackstoryDef>
			
	<defName>Romulan_SenatorChild</defName>
    <title>Senator's Child</title>
    <titleShort>Senator's Child</titleShort>
    <baseDescription>[PAWN_nameDef] was born to a Romulan senator and his wife, who giving birth to [PAWN_nameDef]. The Senator devoted his life to his job and teaching [PAWN_nameDef] to eventually succeed him.</baseDescription>

    <bodyTypeMale>Thin</bodyTypeMale>
    <bodyTypeFemale>Thin</bodyTypeFemale>

    <slot>Childhood</slot>
    <skillGains>
      <li>
        <defName>Social</defName>
        <amount>4</amount>
      </li>
    </skillGains>
    <spawnCategories>
      <li>Romulan</li>
    </spawnCategories>
</AlienRace.BackstoryDef>
	
<AlienRace.BackstoryDef>
			
	<defName>Romulan_Minechild</defName>
    <title>Mine Child</title>
    <titleShort>Mine Child</titleShort>
    <baseDescription>[PAWN_nameDef] was born on Romulus to two traitors who where executed soon after [PAWN_nameDef]'s birth. [PAWN_pronoun] was sent to work in the mines of Remus as a slave.</baseDescription>

    <bodyTypeMale>Hulk</bodyTypeMale>
    <bodyTypeFemale>Hulk</bodyTypeFemale>

    <slot>Childhood</slot>
    <skillGains>
      <li>
        <defName>Mining</defName>
        <amount>4</amount>
      </li>
      <li>
        <defName>Intellectual</defName>
        <amount>-2</amount>
      </li>
    </skillGains>
    <spawnCategories>
      <li>Romulan</li>
    </spawnCategories>
</AlienRace.BackstoryDef>
	
<AlienRace.BackstoryDef>
			
	<defName>Romulan_PrisonChild</defName>
    <title>Prison Child</title>
    <titleShort>Prisoner</titleShort>
    <baseDescription>[PAWN_nameDef]'s mother was arrested for treason shorting before [PAWN_nameDef]'s birth. This led to them being raised in prison.</baseDescription>

    <bodyTypeMale>Thin</bodyTypeMale>
    <bodyTypeFemale>Thin</bodyTypeFemale>

    <slot>Childhood</slot>
    <skillGains>
      <li>
        <defName>Social</defName>
        <amount>2</amount>
      </li>
      <li>
        <defName>Intellectual</defName>
        <amount>-2</amount>
      </li>
    </skillGains>
    <spawnCategories>
      <li>Romulan</li>
    </spawnCategories>
</AlienRace.BackstoryDef>
   
   
   
   
   
   
   <!--Starfleet-->	
 


  
</Defs>