<?xml version="1.0" encoding="utf-8"?><Defs>

		<SoundDef>
		<defName>phaserbeamsound</defName>
		<eventNames />
						    <context>MapOnly</context> 
		<maxSimultaneous>1</maxSimultaneous>
		<subSounds>
			<li>
				<grains>
					<li Class="AudioGrain_Clip">
						<clipPath>Weapons/phaserbeamsound</clipPath>
					</li>
				</grains>
				<pitchRange>
					<min>0.9152174</min>
					<max>1.042391</max>
				</pitchRange>
			</li>
		</subSounds>
	</SoundDef>

         <SoundDef>
		<defName>Replicatorsound</defName>
		<eventNames />
						    <context>MapOnly</context> 
		<maxSimultaneous>1</maxSimultaneous>
		<subSounds>
			<li>
				<grains>
					<li Class="AudioGrain_Clip">
						<clipPath>Crafting/Replicatorsound</clipPath>
					</li>
				</grains>
				<pitchRange>
					<min>0.9152174</min>
					<max>1.042391</max>
				</pitchRange>
			</li>
		</subSounds>
	</SoundDef>


</Defs>