<?xml version="1.0" encoding="utf-8" ?>
<Defs>
<AlienRace.RaceSettings>
        <defName>AenarRaceSettings</defName>
            <pawnKindSettings>
            <alienslavekinds>
                <li>
                    <kindDefs>
                        <li>AenarColonist</li>
                    </kindDefs>
                            <chance>45.0</chance>
                </li>
            </alienslavekinds>
            <alienrefugeekinds>
                <li>
                    <kindDefs>
						<li>AenarGuard</li>
						<li>AenarColonist</li>
						<li>AenarRuler</li>
						<li>AenarRecruit</li>
                    </kindDefs>
                            <chance>45.0</chance>
                </li>
            </alienrefugeekinds>
            <alienwandererkinds>
                <li>
                    <pawnKindEntries>
                        <li>
                            <kindDefs>
						<li>AenarGuard</li>
						<li>AenarColonist</li>
						<li>AenarRuler</li>
						<li>AenarRecruit</li>
                            </kindDefs>
                            <chance>45.0</chance>
                        </li>
                    </pawnKindEntries>
                    <factionDefs>
                        <li>PlayerColony</li> 
                    </factionDefs>
                </li>
            </alienwandererkinds>
        </pawnKindSettings>
</AlienRace.RaceSettings>
</Defs>