<?xml version="1.0" encoding="utf-8" ?>
<Defs>
<AlienRace.RaceSettings>
        <defName>BajoranRaceSettings</defName>
            <pawnKindSettings>
            <alienslavekinds>
                <li>
                    <kindDefs>
                        <li>BajoranColonist</li>
					
                    </kindDefs>
                    <chance>50.0</chance>
                </li>
            </alienslavekinds>
            <alienrefugeekinds>
                <li>
                    <kindDefs>
						<li>BajoranColonist</li>
						<li>BajoranSoldier</li>
						<li>BajoranMinister</li>
						<li>BajoranFarmer</li>
                    </kindDefs>
                    <chance>70.0</chance>
                </li>
            </alienrefugeekinds>
            <alienwandererkinds>
                <li>
                    <pawnKindEntries>
                        <li>
                            <kindDefs>
						<li>BajoranColonist</li>
						<li>BajoranSoldier</li>
						<li>BajoranMinister</li>
						<li>BajoranFarmer</li>
                            </kindDefs>
                            <chance>45.0</chance>
                        </li>
                    </pawnKindEntries>
                    <factionDefs>
                        <li>PlayerColony</li> 
                    </factionDefs>
                </li>
            </alienwandererkinds>
    <startingColonists>
        <li>
            <pawnKindEntries>
                <li>
                    <kindDefs>
                        <li>BajoranColonist</li>
                    </kindDefs>
                            <chance>45.0</chance>
                </li>
            </pawnKindEntries>
            <factionDefs>
                <li>PlayerColony</li> 
            </factionDefs>
        </li>
    </startingColonists>
        </pawnKindSettings>
</AlienRace.RaceSettings>
</Defs>