<?xml version="1.0" encoding="utf-8" ?>
<Defs>
<AlienRace.RaceSettings>
        <defName>RomulanRaceSettings</defName>
            <pawnKindSettings>
            <alienslavekinds>
                <li>
                    <kindDefs>
                        <li>romulanColonist01</li>
						<li>romulanColonist02</li>
                    </kindDefs>
                    <chance>50.0</chance>
                </li>
            </alienslavekinds>
            <alienrefugeekinds>
                <li>
                    <kindDefs>
						<li>romulanHunter</li>
						<li>romulanCommando</li>
						<li>romulanColonist</li>
						<li>romulanCommandoElite</li>
						<li>romulanRuler</li>
						<li>romulanRecruit</li>
                    </kindDefs>
                            <chance>45.0</chance>
                </li>
            </alienrefugeekinds>
            <alienwandererkinds>
                <li>
                    <pawnKindEntries>
                        <li>
                            <kindDefs>
								<li>romulanHunter</li>
								<li>romulanCommando</li>
								<li>romulanColonist</li>
								<li>romulanCommandoElite</li>
								<li>romulanRuler</li>
								<li>romulanRecruit</li>
                            </kindDefs>
                            <chance>45.0</chance>
                        </li>
                    </pawnKindEntries>
                    <factionDefs>
                        <li>PlayerColony</li> 
                    </factionDefs>
                </li>
            </alienwandererkinds>
    <startingColonists>
        <li>
            <pawnKindEntries>
                <li>
                    <kindDefs>
                        <li>RomulanColonist</li>
                    </kindDefs>
                            <chance>45.0</chance>
                </li>
            </pawnKindEntries>
            <factionDefs>
                <li>PlayerColony</li> 
            </factionDefs>
        </li>
    </startingColonists>
        </pawnKindSettings>
</AlienRace.RaceSettings>
</Defs>