﻿<?xml version="1.0" encoding="utf-8" ?>
<Defs>

  <ThingDef ParentName="DrugBase">
    <defName>Synthehol</defName>
    <label>synthehol</label>
    <description>Synthehol is a replicated substance that gives the taste of alcohol, with none of the adverse effects.</description>
    <graphicData>
      <texPath>Things/Items/Drinks/Synthehol</texPath>
      <graphicClass>Graphic_StackCount</graphicClass>
    </graphicData>
    <equippedAngleOffset>-150</equippedAngleOffset>
    <rotatable>false</rotatable>
    <stackLimit>25</stackLimit>
    <statBases>
      <DeteriorationRate>0.5</DeteriorationRate>
      <MarketValue>12</MarketValue>
      <Mass>0.3</Mass>
      <Flammability>0.5</Flammability>
      <Nutrition>0.08</Nutrition>
    </statBases>
    <ingestible>
      <foodType>Fluid, Processed, Liquor</foodType>
      <joyKind>Chemical</joyKind>
      <joy>0.17</joy>
      <nurseable>true</nurseable>
      <drugCategory>Social</drugCategory>
      <ingestSound>Ingest_Beer</ingestSound>
      <ingestHoldOffsetStanding>
        <northDefault>
          <offset>(0.18,0,0)</offset>
        </northDefault>
      </ingestHoldOffsetStanding>
      <ingestCommandString>Drink {0}</ingestCommandString>
      <ingestReportString>Drinking {0}.</ingestReportString>
      <chairSearchRadius>25</chairSearchRadius>
    </ingestible>
    <equipmentType>Primary</equipmentType>
    <techLevel>Spacer</techLevel>
    <comps>
      <li Class="CompProperties_Drug">
        <chemical>Alcohol</chemical>
        <addictiveness>0.010</addictiveness>
        <minToleranceToAddict>0.25</minToleranceToAddict>
        <existingAddictionSeverityOffset>0.20</existingAddictionSeverityOffset>
        <needLevelOffset>1</needLevelOffset>
        <listOrder>10</listOrder>
      </li>
      <li>
        <compClass>CompEquippable</compClass>
      </li>
    </comps>
    <tools>
      <li>
        <label>bottle</label>
        <capacities>
          <li>Blunt</li>
        </capacities>
        <power>9</power>
        <cooldownTime>2</cooldownTime>
      </li>
      <li>
        <label>neck</label>
        <capacities>
          <li>Poke</li>
        </capacities>
        <power>9</power>
        <cooldownTime>2</cooldownTime>
      </li>
    </tools>
  </ThingDef>


</Defs>